Classe;Rang DEA;Désignation;UPW;Score DEA;Statut DEA
CE;1;DJELFA 11;DJELFA;1,0;Efficiente
CE;2;AIN TEMOUCHENT 01;AIN TEMOUCHENT;1,0;Efficiente
CE;3;TLEMCEN 18;TLEMCEN;1,0;Efficiente
CE;4;MOSTAGANEM 21;MOSTAGANEM;1,0;Efficiente
CE;5;ALGER EST 32;ALGER EST;1,0;Efficiente
CE;6;BOUIRA 09;BOUIRA;0,901;Non efficiente
CE;7;CHLEF 15;CHLEF;0,88;Non efficiente
CE;8;RELIZANE 17;RELIZANE;0,848;Non efficiente
CE;9;MEDEA 12;MEDEA;0,818;Non efficiente
CE;10;GUELMA 07;GUELMA;0,799;Non efficiente
CE;11;BOUMERDES 07;BOUMERDES;0,753;Non efficiente
CE;12;BEJAIA 11;BEJAIA;0,737;Non efficiente
CE;13;ALGER OUEST 01;ALGER OUEST;0,722;Non efficiente
CE;14;BATNA 12;BATNA;0,72;Non efficiente
CE;15;SKIKDA 28;SKIKDA;0,685;Non efficiente
CE;16;ALGER EST 26;ALGER EST;0,68;Non efficiente
CE;17;ALGER EST 30;ALGER EST;0,679;Non efficiente
CE;18;BLIDA 08;BLIDA;0,652;Non efficiente
CE;19;AIN DEFLA 11;AIN DEFLA;0,651;Non efficiente
CE;20;OUM EL BOUAGHI 16;OUM EL BOUAGHI;0,645;Non efficiente
CE;21;SETIF 32;SETIF;0,643;Non efficiente
CE;22;ORAN 39;ORAN;0,629;Non efficiente
CE;23;SOUK AHRAS 14;SOUK AHRAS;0,625;Non efficiente
CE;24;ALGER EST 42;ALGER EST;0,623;Non efficiente
CE;25;ADRAR 02;ADRAR;0,606;Non efficiente
CE;26;BORDJ BOUARRERIDJ 09;BORDJ BOUARRERIDJ;0,584;Non efficiente
CE;27;TIPAZA 11;TIPAZA;0,565;Non efficiente
CE;28;MSILA 06;MSILA;0,557;Non efficiente
CE;29;OUARGLA 10;OUARGLA;0,553;Non efficiente
CE;30;TIZI OUZOU 18;TIZI OUZOU;0,551;Non efficiente
CE;31;AIN DEFLA 02;AIN DEFLA;0,55;Non efficiente
CE;32;TEBESSA 27;TEBESSA;0,539;Non efficiente
CE;33;ANNABA 08;ANNABA;0,537;Non efficiente
CE;34;EL TARF 14;EL TARF;0,533;Non efficiente
CE;35;BECHAR 05;BECHAR;0,532;Non efficiente
CE;36;MSILA 13;MSILA;0,527;Non efficiente
CE;37;SETIF 23;SETIF;0,527;Non efficiente
CE;38;CONSTANTINE 20;CONSTANTINE;0,525;Non efficiente
CE;39;MASCARA 18;MASCARA;0,523;Non efficiente
CE;40;JIJEL 13;JIJEL;0,519;Non efficiente
CE;41;ALGER CENTRE 23;ALGER CENTRE;0,508;Non efficiente
CE;42;ALGER CENTRE 26;ALGER CENTRE;0,502;Non efficiente
CE;43;BISKRA 06;BISKRA;0,486;Non efficiente
CE;44;EL OUED 06;EL OUED;0,45;Non efficiente
CE;45;ALGER OUEST 05;ALGER OUEST;0,45;Non efficiente
CE;46;MASCARA 12;MASCARA;0,432;Non efficiente
CE;47;TIARET 25;TIARET;0,426;Non efficiente
CE;48;TAMANRASSET 05;TAMANRASSET;0,42;Non efficiente
CE;49;SIDI BEL ABBES 11;SIDI BEL ABBES;0,404;Non efficiente
CE;50;ALGER CENTRE 05;ALGER CENTRE;0,292;Non efficiente
CE;51;ALGER CENTRE 03;ALGER CENTRE;0,15;Non efficiente
HC;1;MILA 01;MILA;1,0;Efficiente
HC;2;SKIKDA 11;SKIKDA;1,0;Efficiente
HC;3;BLIDA 09;BLIDA;1,0;Efficiente
HC;4;ALGER CENTRE 19;ALGER CENTRE;1,0;Efficiente
HC;5;OUARGLA 04;OUARGLA;1,0;Efficiente
HC;6;ALGER EST 39;ALGER EST;1,0;Efficiente
HC;7;MASCARA 15;MASCARA;1,0;Efficiente
HC;8;MEDEA 14;MEDEA;0,986;Non efficiente
HC;9;ORAN 36;ORAN;0,977;Non efficiente
HC;10;AIN DEFLA 14;AIN DEFLA;0,975;Non efficiente
HC;11;TIZI OUZOU 06;TIZI OUZOU;0,959;Non efficiente
HC;12;ALGER EST 25;ALGER EST;0,945;Non efficiente
HC;13;ANNABA 03;ANNABA;0,895;Non efficiente
HC;14;CHLEF 01;CHLEF;0,842;Non efficiente
HC;15;TLEMCEN 10;TLEMCEN;0,84;Non efficiente
HC;16;BORDJ BOUARRERIDJ 17;BORDJ BOUARRERIDJ;0,822;Non efficiente
HC;17;ORAN 40;ORAN;0,802;Non efficiente
HC;18;TOUGGOURT 06;TOUGGOURT;0,801;Non efficiente
HC;19;TIPAZA 02;TIPAZA;0,801;Non efficiente
HC;20;TIPAZA 06;TIPAZA;0,799;Non efficiente
HC;21;EL BAYADH 04;EL BAYADH;0,794;Non efficiente
HC;22;TIPAZA 15;TIPAZA;0,79;Non efficiente
HC;23;ALGER CENTRE 16;ALGER CENTRE;0,741;Non efficiente
HC;24;ALGER CENTRE 18;ALGER CENTRE;0,738;Non efficiente
HC;25;ALGER CENTRE 12;ALGER CENTRE;0,734;Non efficiente
HC;26;LAGHOUAT 18;LAGHOUAT;0,721;Non efficiente
HC;27;EL MEGHAIER 01;EL MEGHAIER;0,708;Non efficiente
HC;28;TIZI OUZOU 17;TIZI OUZOU;0,705;Non efficiente
HC;29;LAGHOUAT 01;LAGHOUAT;0,701;Non efficiente
HC;30;CONSTANTINE 19;CONSTANTINE;0,682;Non efficiente
HC;31;CHLEF 31;CHLEF;0,681;Non efficiente
HC;32;MILA 07;MILA;0,636;Non efficiente
HC;33;OUM EL BOUAGHI 13;OUM EL BOUAGHI;0,631;Non efficiente
HC;34;TIPAZA 22;TIPAZA;0,629;Non efficiente
HC;35;ALGER CENTRE 25;ALGER CENTRE;0,612;Non efficiente
HC;36;ALGER CENTRE 27;ALGER CENTRE;0,609;Non efficiente
HC;37;ALGER CENTRE 13;ALGER CENTRE;0,605;Non efficiente
HC;38;BEJAIA 01;BEJAIA;0,601;Non efficiente
HC;39;SAIDA 09;SAIDA;0,598;Non efficiente
HC;40;GHARDAIA 03;GHARDAIA;0,598;Non efficiente
HC;41;IN SALAH 03;IN SALAH;0,586;Non efficiente
HC;42;BLIDA 20;BLIDA;0,568;Non efficiente
HC;43;TINDOUF 01;TINDOUF;0,561;Non efficiente
HC;44;JIJEL 09;JIJEL;0,527;Non efficiente
HC;45;ALGER CENTRE 08;ALGER CENTRE;0,524;Non efficiente
HC;46;AIN DEFLA 05;AIN DEFLA;0,52;Non efficiente
HC;47;ALGER CENTRE 11;ALGER CENTRE;0,519;Non efficiente
HC;48;ILLIZI 03;ILLIZI;0,513;Non efficiente
HC;49;KHENCHELA 10;KHENCHELA;0,49;Non efficiente
HC;50;ALGER CENTRE 04;ALGER CENTRE;0,474;Non efficiente
HC;51;TISSEMSITL 09;TISSEMSITL;0,467;Non efficiente
HC;52;NAAMA 04;NAAMA;0,45;Non efficiente
HC;53;ALGER CENTRE 30;ALGER CENTRE;0,432;Non efficiente
HC;54;ALGER CENTRE 02;ALGER CENTRE;0,421;Non efficiente
HC;55;ALGER CENTRE 06;ALGER CENTRE;0,404;Non efficiente
HC;56;CHLEF 21;CHLEF;0,39;Non efficiente
HC;57;CONSTANTINE 15;CONSTANTINE;0,388;Non efficiente
HC;58;ORAN 09;ORAN;0,384;Non efficiente
HC;59;ALGER OUEST 10;ALGER OUEST;0,366;Non efficiente
HC;60;OUM EL BOUAGHI 05;OUM EL BOUAGHI;0,337;Non efficiente
HC;61;MEDEA 10;MEDEA;0,258;Non efficiente
R1;1;BORDJ BOUARRERIDJ 08;BORDJ BOUARRERIDJ;1,0;Efficiente
R1;2;MILA 14;MILA;1,0;Efficiente
R1;3;ILLIZI 04;ILLIZI;1,0;Efficiente
R1;4;ALGER OUEST 24;ALGER OUEST;1,0;Efficiente
R1;5;OUARGLA 09;OUARGLA;1,0;Efficiente
R1;6;BOUIRA 16;BOUIRA;1,0;Efficiente
R1;7;MOSTAGANEM 19;MOSTAGANEM;1,0;Efficiente
R1;8;LAGHOUAT 17;LAGHOUAT;1,0;Efficiente
R1;9;ALGER EST 35;ALGER EST;1,0;Efficiente
R1;10;ORAN 17;ORAN;1,0;Efficiente
R1;11;TIZI OUZOU 14;TIZI OUZOU;1,0;Efficiente
R1;12;GUELMA 12;GUELMA;0,994;Non efficiente
R1;13;BLIDA 22;BLIDA;0,987;Non efficiente
R1;14;BEJAIA 09;BEJAIA;0,983;Non efficiente
R1;15;ORAN 41;ORAN;0,975;Non efficiente
R1;16;TEBESSA 09;TEBESSA;0,974;Non efficiente
R1;17;GUELMA 02;GUELMA;0,943;Non efficiente
R1;18;BOUMERDES 18;BOUMERDES;0,941;Non efficiente
R1;19;BOUIRA 13;BOUIRA;0,922;Non efficiente
R1;20;SKIKDA 15;SKIKDA;0,913;Non efficiente
R1;21;BOUMERDES 16;BOUMERDES;0,886;Non efficiente
R1;22;SETIF 18;SETIF;0,883;Non efficiente
R1;23;SKIKDA 09;SKIKDA;0,846;Non efficiente
R1;24;SETIF 22;SETIF;0,835;Non efficiente
R1;25;EL OUED 02;EL OUED;0,825;Non efficiente
R1;26;SETIF 08;SETIF;0,813;Non efficiente
R1;27;SETIF 06;SETIF;0,802;Non efficiente
R1;28;SIDI BEL ABBES 12;SIDI BEL ABBES;0,796;Non efficiente
R1;29;BORDJ BOUARRERIDJ 02;BORDJ BOUARRERIDJ;0,795;Non efficiente
R1;30;ORAN 06;ORAN;0,757;Non efficiente
R1;31;DJELFA 14;DJELFA;0,747;Non efficiente
R1;32;SETIF 21;SETIF;0,747;Non efficiente
R1;33;ALGER EST 10;ALGER EST;0,747;Non efficiente
R1;34;SETIF 09;SETIF;0,746;Non efficiente
R1;35;BATNA 15;BATNA;0,739;Non efficiente
R1;36;NAAMA 02;NAAMA;0,732;Non efficiente
R1;37;TEBESSA 26;TEBESSA;0,732;Non efficiente
R1;38;TIZI OUZOU 09;TIZI OUZOU;0,729;Non efficiente
R1;39;SETIF 24;SETIF;0,725;Non efficiente
R1;40;RELIZANE 16;RELIZANE;0,725;Non efficiente
R1;41;ORAN 38;ORAN;0,72;Non efficiente
R1;42;EL TARF 06;EL TARF;0,719;Non efficiente
R1;43;DJELFA 17;DJELFA;0,718;Non efficiente
R1;44;SETIF 02;SETIF;0,715;Non efficiente
R1;45;ALGER EST 05;ALGER EST;0,711;Non efficiente
R1;46;LAGHOUAT 15;LAGHOUAT;0,708;Non efficiente
R1;47;TEBESSA 23;TEBESSA;0,708;Non efficiente
R1;48;ORAN 33;ORAN;0,699;Non efficiente
R1;49;ALGER OUEST 08;ALGER OUEST;0,69;Non efficiente
R1;50;BOUMERDES 10;BOUMERDES;0,688;Non efficiente
R1;51;ALGER OUEST 02;ALGER OUEST;0,684;Non efficiente
R1;52;TEBESSA 02;TEBESSA;0,681;Non efficiente
R1;53;ORAN 01;ORAN;0,678;Non efficiente
R1;54;ALGER EST 07;ALGER EST;0,675;Non efficiente
R1;55;ORAN 03;ORAN;0,672;Non efficiente
R1;56;CHLEF 10;CHLEF;0,672;Non efficiente
R1;57;BOUMERDES 03;BOUMERDES;0,67;Non efficiente
R1;58;BATNA 05;BATNA;0,664;Non efficiente
R1;59;MASCARA 21;MASCARA;0,663;Non efficiente
R1;60;ALGER EST 12;ALGER EST;0,659;Non efficiente
R1;61;MILA 04;MILA;0,657;Non efficiente
R1;62;MASCARA 14;MASCARA;0,655;Non efficiente
R1;63;ALGER EST 28;ALGER EST;0,655;Non efficiente
R1;64;ALGER EST 36;ALGER EST;0,65;Non efficiente
R1;65;CONSTANTINE 13;CONSTANTINE;0,649;Non efficiente
R1;66;SETIF 04;SETIF;0,646;Non efficiente
R1;67;BLIDA 17;BLIDA;0,644;Non efficiente
R1;68;BATNA 01;BATNA;0,641;Non efficiente
R1;69;TIARET 08;TIARET;0,641;Non efficiente
R1;70;BLIDA 25;BLIDA;0,636;Non efficiente
R1;71;ALGER CENTRE 14;ALGER CENTRE;0,634;Non efficiente
R1;72;ALGER EST 20;ALGER EST;0,628;Non efficiente
R1;73;DJELFA 08;DJELFA;0,628;Non efficiente
R1;74;BOUMERDES 12;BOUMERDES;0,628;Non efficiente
R1;75;BOUIRA 20;BOUIRA;0,627;Non efficiente
R1;76;ALGER OUEST 07;ALGER OUEST;0,625;Non efficiente
R1;77;MSILA 16;MSILA;0,624;Non efficiente
R1;78;NAAMA 01;NAAMA;0,622;Non efficiente
R1;79;ALGER EST 18;ALGER EST;0,621;Non efficiente
R1;80;MILA 05;MILA;0,619;Non efficiente
R1;81;MASCARA 11;MASCARA;0,619;Non efficiente
R1;82;SIDI BEL ABBES 15;SIDI BEL ABBES;0,613;Non efficiente
R1;83;ADRAR 03;ADRAR;0,608;Non efficiente
R1;84;BOUMERDES 05;BOUMERDES;0,607;Non efficiente
R1;85;TIARET 10;TIARET;0,603;Non efficiente
R1;86;BORDJ BOUARRERIDJ 04;BORDJ BOUARRERIDJ;0,602;Non efficiente
R1;87;MEDEA 02;MEDEA;0,602;Non efficiente
R1;88;MOSTAGANEM 05;MOSTAGANEM;0,598;Non efficiente
R1;89;MILA 02;MILA;0,598;Non efficiente
R1;90;CONSTANTINE 33;CONSTANTINE;0,597;Non efficiente
R1;91;TIARET 20;TIARET;0,594;Non efficiente
R1;92;SIDI BEL ABBES 10;SIDI BEL ABBES;0,592;Non efficiente
R1;93;ANNABA 07;ANNABA;0,589;Non efficiente
R1;94;OUM EL BOUAGHI 12;OUM EL BOUAGHI;0,585;Non efficiente
R1;95;BISKRA 11;BISKRA;0,582;Non efficiente
R1;96;RELIZANE 02;RELIZANE;0,581;Non efficiente
R1;97;ORAN 34;ORAN;0,578;Non efficiente
R1;98;CHLEF 20;CHLEF;0,576;Non efficiente
R1;99;CONSTANTINE 14;CONSTANTINE;0,575;Non efficiente
R1;100;ORAN 35;ORAN;0,574;Non efficiente
R1;101;ORAN 18;ORAN;0,574;Non efficiente
R1;102;BORDJ BOUARRERIDJ 10;BORDJ BOUARRERIDJ;0,572;Non efficiente
R1;103;TIMIMOUN 01;TIMIMOUN;0,57;Non efficiente
R1;104;ORAN 22;ORAN;0,564;Non efficiente
R1;105;BLIDA 11;BLIDA;0,562;Non efficiente
R1;106;ALGER OUEST 14;ALGER OUEST;0,562;Non efficiente
R1;107;ALGER OUEST 29;ALGER OUEST;0,56;Non efficiente
R1;108;ANNABA 06;ANNABA;0,559;Non efficiente
R1;109;SAIDA 08;SAIDA;0,558;Non efficiente
R1;110;SIDI BEL ABBES 07;SIDI BEL ABBES;0,558;Non efficiente
R1;111;TIZI OUZOU 05;TIZI OUZOU;0,555;Non efficiente
R1;112;BOUMERDES 04;BOUMERDES;0,554;Non efficiente
R1;113;OUM EL BOUAGHI 04;OUM EL BOUAGHI;0,548;Non efficiente
R1;114;BOUMERDES 23;BOUMERDES;0,539;Non efficiente
R1;115;ALGER EST 16;ALGER EST;0,536;Non efficiente
R1;116;TIARET 15;TIARET;0,534;Non efficiente
R1;117;MILA 03;MILA;0,532;Non efficiente
R1;118;TLEMCEN 08;TLEMCEN;0,532;Non efficiente
R1;119;TISSEMSITL 05;TISSEMSITL;0,532;Non efficiente
R1;120;ANNABA 14;ANNABA;0,532;Non efficiente
R1;121;ALGER CENTRE 24;ALGER CENTRE;0,523;Non efficiente
R1;122;ALGER CENTRE 07;ALGER CENTRE;0,523;Non efficiente
R1;123;ALGER OUEST 27;ALGER OUEST;0,521;Non efficiente
R1;124;BOUMERDES 15;BOUMERDES;0,52;Non efficiente
R1;125;TLEMCEN 11;TLEMCEN;0,517;Non efficiente
R1;126;BATNA 20;BATNA;0,514;Non efficiente
R1;127;MEDEA 17;MEDEA;0,513;Non efficiente
R1;128;BATNA 17;BATNA;0,512;Non efficiente
R1;129;MOSTAGANEM 17;MOSTAGANEM;0,509;Non efficiente
R1;130;BISKRA 12;BISKRA;0,506;Non efficiente
R1;131;BECHAR 09;BECHAR;0,504;Non efficiente
R1;132;ALGER OUEST 28;ALGER OUEST;0,499;Non efficiente
R1;133;TLEMCEN 05;TLEMCEN;0,499;Non efficiente
R1;134;ALGER EST 11;ALGER EST;0,498;Non efficiente
R1;135;SIDI BEL ABBES 08;SIDI BEL ABBES;0,494;Non efficiente
R1;136;EL OUED 05;EL OUED;0,493;Non efficiente
R1;137;EL OUED 07;EL OUED;0,492;Non efficiente
R1;138;BEJAIA 02;BEJAIA;0,491;Non efficiente
R1;139;SKIKDA 03;SKIKDA;0,49;Non efficiente
R1;140;ALGER CENTRE 10;ALGER CENTRE;0,49;Non efficiente
R1;141;ALGER EST 13;ALGER EST;0,488;Non efficiente
R1;142;TIZI OUZOU 10;TIZI OUZOU;0,475;Non efficiente
R1;143;TISSEMSITL 01;TISSEMSITL;0,471;Non efficiente
R1;144;TLEMCEN 12;TLEMCEN;0,462;Non efficiente
R1;145;EL TARF 08;EL TARF;0,46;Non efficiente
R1;146;RELIZANE 09;RELIZANE;0,46;Non efficiente
R1;147;BOUIRA 02;BOUIRA;0,455;Non efficiente
R1;148;ANNABA 05;ANNABA;0,452;Non efficiente
R1;149;ALGER EST 17;ALGER EST;0,444;Non efficiente
R1;150;BATNA 11;BATNA;0,441;Non efficiente
R1;151;ALGER OUEST 16;ALGER OUEST;0,438;Non efficiente
R1;152;TLEMCEN 16;TLEMCEN;0,437;Non efficiente
R1;153;BEJAIA 18;BEJAIA;0,436;Non efficiente
R1;154;CHLEF 02;CHLEF;0,427;Non efficiente
R1;155;BLIDA 06;BLIDA;0,427;Non efficiente
R1;156;BENI ABBES 01;BENI ABBES;0,423;Non efficiente
R1;157;KHENCHELA 08;KHENCHELA;0,423;Non efficiente
R1;158;OUARGLA 01;OUARGLA;0,423;Non efficiente
R1;159;BATNA 02;BATNA;0,419;Non efficiente
R1;160;OUM EL BOUAGHI 14;OUM EL BOUAGHI;0,415;Non efficiente
R1;161;BATNA 18;BATNA;0,414;Non efficiente
R1;162;TEBESSA 21;TEBESSA;0,407;Non efficiente
R1;163;ANNABA 09;ANNABA;0,406;Non efficiente
R1;164;GHARDAIA 04;GHARDAIA;0,406;Non efficiente
R1;165;BLIDA 27;BLIDA;0,404;Non efficiente
R1;166;TIZI OUZOU 07;TIZI OUZOU;0,4;Non efficiente
R1;167;BISKRA 10;BISKRA;0,396;Non efficiente
R1;168;EL MEGHAIER 02;EL MEGHAIER;0,394;Non efficiente
R1;169;ALGER CENTRE 09;ALGER CENTRE;0,394;Non efficiente
R1;170;CHLEF 06;CHLEF;0,393;Non efficiente
R1;171;ALGER OUEST 03;ALGER OUEST;0,386;Non efficiente
R1;172;BEJAIA 12;BEJAIA;0,374;Non efficiente
R1;173;BOUIRA 17;BOUIRA;0,371;Non efficiente
R1;174;BEJAIA 14;BEJAIA;0,367;Non efficiente
R1;175;MOSTAGANEM 10;MOSTAGANEM;0,347;Non efficiente
R1;176;TIZI OUZOU 01;TIZI OUZOU;0,341;Non efficiente
R1;177;BEJAIA 16;BEJAIA;0,334;Non efficiente
R1;178;BLIDA 26;BLIDA;0,33;Non efficiente
R1;179;OUM EL BOUAGHI 11;OUM EL BOUAGHI;0,323;Non efficiente
R1;180;KHENCHELA 06;KHENCHELA;0,308;Non efficiente
R1;181;ORAN 32;ORAN;0,301;Non efficiente
R1;182;ALGER CENTRE 20;ALGER CENTRE;0,286;Non efficiente
R1;183;BEJAIA 03;BEJAIA;0,284;Non efficiente
R1;184;JIJEL 19;JIJEL;0,249;Non efficiente
R2;1;JIJEL 01;JIJEL;1,0;Efficiente
R2;2;BORDJ BOUARRERIDJ 03;BORDJ BOUARRERIDJ;1,0;Efficiente
R2;3;EL TARF 05;EL TARF;1,0;Efficiente
R2;4;MSILA 09;MSILA;1,0;Efficiente
R2;5;ALGER EST 38;ALGER EST;1,0;Efficiente
R2;6;TEBESSA 04;TEBESSA;1,0;Efficiente
R2;7;BATNA 03;BATNA;1,0;Efficiente
R2;8;BLIDA 21;BLIDA;1,0;Efficiente
R2;9;MOSTAGANEM 18;MOSTAGANEM;1,0;Efficiente
R2;10;SKIKDA 30;SKIKDA;1,0;Efficiente
R2;11;EL TARF 12;EL TARF;1,0;Efficiente
R2;12;TLEMCEN 15;TLEMCEN;1,0;Efficiente
R2;13;CHLEF 32;CHLEF;1,0;Efficiente
R2;14;MSILA 01;MSILA;1,0;Efficiente
R2;15;TIPAZA 09;TIPAZA;0,986;Non efficiente
R2;16;MASCARA 16;MASCARA;0,968;Non efficiente
R2;17;TEBESSA 17;TEBESSA;0,968;Non efficiente
R2;18;TEBESSA 19;TEBESSA;0,967;Non efficiente
R2;19;TEBESSA 05;TEBESSA;0,967;Non efficiente
R2;20;BORDJ BOUARRERIDJ 11;BORDJ BOUARRERIDJ;0,954;Non efficiente
R2;21;BORDJ BOUARRERIDJ 13;BORDJ BOUARRERIDJ;0,954;Non efficiente
R2;22;TIPAZA 17;TIPAZA;0,943;Non efficiente
R2;23;BORDJ BOUARRERIDJ 05;BORDJ BOUARRERIDJ;0,941;Non efficiente
R2;24;BLIDA 01;BLIDA;0,932;Non efficiente
R2;25;MEDEA 03;MEDEA;0,926;Non efficiente
R2;26;SIDI BEL ABBES 01;SIDI BEL ABBES;0,925;Non efficiente
R2;27;BORDJ BOUARRERIDJ 18;BORDJ BOUARRERIDJ;0,924;Non efficiente
R2;28;SAIDA 04;SAIDA;0,916;Non efficiente
R2;29;CONSTANTINE 18;CONSTANTINE;0,916;Non efficiente
R2;30;CHLEF 13;CHLEF;0,91;Non efficiente
R2;31;CONSTANTINE 01;CONSTANTINE;0,905;Non efficiente
R2;32;MSILA 17;MSILA;0,904;Non efficiente
R2;33;ADRAR 05;ADRAR;0,9;Non efficiente
R2;34;RELIZANE 05;RELIZANE;0,9;Non efficiente
R2;35;SKIKDA 19;SKIKDA;0,897;Non efficiente
R2;36;BOUMERDES 01;BOUMERDES;0,891;Non efficiente
R2;37;SETIF 30;SETIF;0,891;Non efficiente
R2;38;OUARGLA 12;OUARGLA;0,872;Non efficiente
R2;39;CONSTANTINE 16;CONSTANTINE;0,871;Non efficiente
R2;40;ALGER CENTRE 32;ALGER CENTRE;0,863;Non efficiente
R2;41;MOSTAGANEM 23;MOSTAGANEM;0,846;Non efficiente
R2;42;ALGER EST 41;ALGER EST;0,84;Non efficiente
R2;43;CONSTANTINE 34;CONSTANTINE;0,835;Non efficiente
R2;44;ORAN 11;ORAN;0,826;Non efficiente
R2;45;TEBESSA 06;TEBESSA;0,821;Non efficiente
R2;46;BLIDA 24;BLIDA;0,821;Non efficiente
R2;47;TIPAZA 19;TIPAZA;0,815;Non efficiente
R2;48;ALGER CENTRE 31;ALGER CENTRE;0,812;Non efficiente
R2;49;CHLEF 28;CHLEF;0,811;Non efficiente
R2;50;TIZI OUZOU 15;TIZI OUZOU;0,809;Non efficiente
R2;51;MSILA 11;MSILA;0,808;Non efficiente
R2;52;BOUMERDES 13;BOUMERDES;0,807;Non efficiente
R2;53;BOUMERDES 17;BOUMERDES;0,801;Non efficiente
R2;54;ALGER OUEST 25;ALGER OUEST;0,799;Non efficiente
R2;55;CONSTANTINE 21;CONSTANTINE;0,798;Non efficiente
R2;56;ORAN 27;ORAN;0,796;Non efficiente
R2;57;ORAN 14;ORAN;0,792;Non efficiente
R2;58;ALGER EST 04;ALGER EST;0,791;Non efficiente
R2;59;AIN DEFLA 16;AIN DEFLA;0,786;Non efficiente
R2;60;BOUMERDES 19;BOUMERDES;0,782;Non efficiente
R2;61;CHLEF 17;CHLEF;0,78;Non efficiente
R2;62;CHLEF 18;CHLEF;0,778;Non efficiente
R2;63;SETIF 13;SETIF;0,776;Non efficiente
R2;64;RELIZANE 14;RELIZANE;0,774;Non efficiente
R2;65;BEJAIA 10;BEJAIA;0,774;Non efficiente
R2;66;SETIF 31;SETIF;0,773;Non efficiente
R2;67;SETIF 14;SETIF;0,772;Non efficiente
R2;68;TOUGGOURT 04;TOUGGOURT;0,771;Non efficiente
R2;69;MOSTAGANEM 13;MOSTAGANEM;0,771;Non efficiente
R2;70;TLEMCEN 09;TLEMCEN;0,763;Non efficiente
R2;71;TIARET 11;TIARET;0,763;Non efficiente
R2;72;SKIKDA 24;SKIKDA;0,763;Non efficiente
R2;73;EL OUED 01;EL OUED;0,763;Non efficiente
R2;74;MASCARA 06;MASCARA;0,76;Non efficiente
R2;75;ALGER EST 24;ALGER EST;0,76;Non efficiente
R2;76;ADRAR 01;ADRAR;0,759;Non efficiente
R2;77;BOUMERDES 09;BOUMERDES;0,757;Non efficiente
R2;78;ORAN 42;ORAN;0,756;Non efficiente
R2;79;TEBESSA 08;TEBESSA;0,755;Non efficiente
R2;80;SETIF 33;SETIF;0,75;Non efficiente
R2;81;DJELFA 05;DJELFA;0,746;Non efficiente
R2;82;RELIZANE 15;RELIZANE;0,746;Non efficiente
R2;83;CONSTANTINE 23;CONSTANTINE;0,746;Non efficiente
R2;84;CONSTANTINE 04;CONSTANTINE;0,744;Non efficiente
R2;85;TEBESSA 11;TEBESSA;0,743;Non efficiente
R2;86;SOUK AHRAS 15;SOUK AHRAS;0,742;Non efficiente
R2;87;TIMIMOUN 03;TIMIMOUN;0,742;Non efficiente
R2;88;SETIF 05;SETIF;0,739;Non efficiente
R2;89;BOUMERDES 24;BOUMERDES;0,738;Non efficiente
R2;90;ORAN 25;ORAN;0,737;Non efficiente
R2;91;ALGER CENTRE 33;ALGER CENTRE;0,736;Non efficiente
R2;92;ORAN 04;ORAN;0,736;Non efficiente
R2;93;ADRAR 04;ADRAR;0,731;Non efficiente
R2;94;BECHAR 02;BECHAR;0,731;Non efficiente
R2;95;BLIDA 04;BLIDA;0,727;Non efficiente
R2;96;GUELMA 10;GUELMA;0,724;Non efficiente
R2;97;CONSTANTINE 06;CONSTANTINE;0,724;Non efficiente
R2;98;ALGER EST 29;ALGER EST;0,723;Non efficiente
R2;99;MSILA 07;MSILA;0,722;Non efficiente
R2;100;JIJEL 08;JIJEL;0,721;Non efficiente
R2;101;EL TARF 13;EL TARF;0,719;Non efficiente
R2;102;SOUK AHRAS 16;SOUK AHRAS;0,718;Non efficiente
R2;103;MOSTAGANEM 16;MOSTAGANEM;0,718;Non efficiente
R2;104;TIARET 12;TIARET;0,715;Non efficiente
R2;105;SETIF 16;SETIF;0,714;Non efficiente
R2;106;AIN DEFLA 13;AIN DEFLA;0,714;Non efficiente
R2;107;DJELFA 04;DJELFA;0,713;Non efficiente
R2;108;TEBESSA 14;TEBESSA;0,713;Non efficiente
R2;109;SETIF 07;SETIF;0,712;Non efficiente
R2;110;ALGER OUEST 26;ALGER OUEST;0,712;Non efficiente
R2;111;TIPAZA 04;TIPAZA;0,709;Non efficiente
R2;112;LAGHOUAT 10;LAGHOUAT;0,703;Non efficiente
R2;113;ILLIZI 01;ILLIZI;0,702;Non efficiente
R2;114;MASCARA 07;MASCARA;0,701;Non efficiente
R2;115;BLIDA 10;BLIDA;0,701;Non efficiente
R2;116;TIARET 09;TIARET;0,7;Non efficiente
R2;117;SKIKDA 01;SKIKDA;0,7;Non efficiente
R2;118;BORDJ BOUARRERIDJ 15;BORDJ BOUARRERIDJ;0,698;Non efficiente
R2;119;CHLEF 11;CHLEF;0,695;Non efficiente
R2;120;ORAN 24;ORAN;0,692;Non efficiente
R2;121;BOUMERDES 02;BOUMERDES;0,69;Non efficiente
R2;122;EL TARF 11;EL TARF;0,69;Non efficiente
R2;123;ORAN 07;ORAN;0,69;Non efficiente
R2;124;MSILA 08;MSILA;0,688;Non efficiente
R2;125;CHLEF 16;CHLEF;0,686;Non efficiente
R2;126;TIPAZA 01;TIPAZA;0,685;Non efficiente
R2;127;AIN DEFLA 08;AIN DEFLA;0,685;Non efficiente
R2;128;GUELMA 13;GUELMA;0,684;Non efficiente
R2;129;LAGHOUAT 14;LAGHOUAT;0,684;Non efficiente
R2;130;TIPAZA 21;TIPAZA;0,684;Non efficiente
R2;131;RELIZANE 08;RELIZANE;0,683;Non efficiente
R2;132;SETIF 01;SETIF;0,683;Non efficiente
R2;133;ANNABA 10;ANNABA;0,683;Non efficiente
R2;134;SKIKDA 02;SKIKDA;0,682;Non efficiente
R2;135;TIARET 01;TIARET;0,682;Non efficiente
R2;136;DJELFA 20;DJELFA;0,681;Non efficiente
R2;137;ALGER EST 09;ALGER EST;0,68;Non efficiente
R2;138;TAMANRASSET 04;TAMANRASSET;0,68;Non efficiente
R2;139;ALGER OUEST 06;ALGER OUEST;0,68;Non efficiente
R2;140;DJELFA 07;DJELFA;0,679;Non efficiente
R2;141;JIJEL 14;JIJEL;0,677;Non efficiente
R2;142;CHLEF 24;CHLEF;0,676;Non efficiente
R2;143;CHLEF 27;CHLEF;0,676;Non efficiente
R2;144;CHLEF 04;CHLEF;0,674;Non efficiente
R2;145;MILA 11;MILA;0,672;Non efficiente
R2;146;OUM EL BOUAGHI 02;OUM EL BOUAGHI;0,671;Non efficiente
R2;147;CONSTANTINE 07;CONSTANTINE;0,67;Non efficiente
R2;148;ORAN 08;ORAN;0,669;Non efficiente
R2;149;JIJEL 21;JIJEL;0,667;Non efficiente
R2;150;MOSTAGANEM 09;MOSTAGANEM;0,666;Non efficiente
R2;151;TEBESSA 18;TEBESSA;0,665;Non efficiente
R2;152;SETIF 25;SETIF;0,663;Non efficiente
R2;153;BOUIRA 11;BOUIRA;0,663;Non efficiente
R2;154;OUM EL BOUAGHI 03;OUM EL BOUAGHI;0,662;Non efficiente
R2;155;BLIDA 29;BLIDA;0,661;Non efficiente
R2;156;EL OUED 03;EL OUED;0,659;Non efficiente
R2;157;SAIDA 01;SAIDA;0,656;Non efficiente
R2;158;EL TARF 01;EL TARF;0,651;Non efficiente
R2;159;RELIZANE 10;RELIZANE;0,651;Non efficiente
R2;160;OUARGLA 08;OUARGLA;0,648;Non efficiente
R2;161;MEDEA 06;MEDEA;0,647;Non efficiente
R2;162;EL OUED 09;EL OUED;0,647;Non efficiente
R2;163;CHLEF 22;CHLEF;0,646;Non efficiente
R2;164;TIZI OUZOU 08;TIZI OUZOU;0,646;Non efficiente
R2;165;RELIZANE 18;RELIZANE;0,646;Non efficiente
R2;166;OUM EL BOUAGHI 07;OUM EL BOUAGHI;0,645;Non efficiente
R2;167;SKIKDA 07;SKIKDA;0,641;Non efficiente
R2;168;TIMIMOUN 02;TIMIMOUN;0,639;Non efficiente
R2;169;MILA 13;MILA;0,637;Non efficiente
R2;170;ALGER EST 21;ALGER EST;0,637;Non efficiente
R2;171;ADRAR 06;ADRAR;0,636;Non efficiente
R2;172;EL TARF 03;EL TARF;0,636;Non efficiente
R2;173;GUELMA 08;GUELMA;0,636;Non efficiente
R2;174;MSILA 03;MSILA;0,636;Non efficiente
R2;175;SAIDA 05;SAIDA;0,636;Non efficiente
R2;176;LAGHOUAT 12;LAGHOUAT;0,635;Non efficiente
R2;177;BORDJ BOUARRERIDJ 06;BORDJ BOUARRERIDJ;0,634;Non efficiente
R2;178;MEDEA 04;MEDEA;0,631;Non efficiente
R2;179;DJELFA 10;DJELFA;0,631;Non efficiente
R2;180;CONSTANTINE 12;CONSTANTINE;0,631;Non efficiente
R2;181;RELIZANE 11;RELIZANE;0,63;Non efficiente
R2;182;BISKRA 04;BISKRA;0,627;Non efficiente
R2;183;EL OUED 04;EL OUED;0,623;Non efficiente
R2;184;ORAN 19;ORAN;0,623;Non efficiente
R2;185;BATNA 10;BATNA;0,622;Non efficiente
R2;186;SKIKDA 26;SKIKDA;0,622;Non efficiente
R2;187;ALGER EST 01;ALGER EST;0,62;Non efficiente
R2;188;OUARGLA 02;OUARGLA;0,62;Non efficiente
R2;189;ALGER EST 08;ALGER EST;0,619;Non efficiente
R2;190;ALGER OUEST 19;ALGER OUEST;0,617;Non efficiente
R2;191;KHENCHELA 14;KHENCHELA;0,616;Non efficiente
R2;192;MILA 10;MILA;0,616;Non efficiente
R2;193;CHLEF 26;CHLEF;0,614;Non efficiente
R2;194;AIN TEMOUCHENT 02;AIN TEMOUCHENT;0,613;Non efficiente
R2;195;CHLEF 09;CHLEF;0,61;Non efficiente
R2;196;TEBESSA 13;TEBESSA;0,609;Non efficiente
R2;197;SKIKDA 22;SKIKDA;0,608;Non efficiente
R2;198;OUARGLA 06;OUARGLA;0,607;Non efficiente
R2;199;BISKRA 08;BISKRA;0,607;Non efficiente
R2;200;BLIDA 15;BLIDA;0,607;Non efficiente
R2;201;ALGER CENTRE 28;ALGER CENTRE;0,605;Non efficiente
R2;202;ALGER EST 22;ALGER EST;0,605;Non efficiente
R2;203;CONSTANTINE 02;CONSTANTINE;0,604;Non efficiente
R2;204;TEBESSA 16;TEBESSA;0,603;Non efficiente
R2;205;BECHAR 01;BECHAR;0,602;Non efficiente
R2;206;MASCARA 02;MASCARA;0,602;Non efficiente
R2;207;TIARET 21;TIARET;0,601;Non efficiente
R2;208;BORDJ BOUARRERIDJ 12;BORDJ BOUARRERIDJ;0,6;Non efficiente
R2;209;CONSTANTINE 10;CONSTANTINE;0,597;Non efficiente
R2;210;MASCARA 05;MASCARA;0,597;Non efficiente
R2;211;CONSTANTINE 25;CONSTANTINE;0,597;Non efficiente
R2;212;TLEMCEN 03;TLEMCEN;0,596;Non efficiente
R2;213;ORAN 21;ORAN;0,596;Non efficiente
R2;214;BORDJ BOUARRERIDJ 07;BORDJ BOUARRERIDJ;0,595;Non efficiente
R2;215;CHLEF 29;CHLEF;0,595;Non efficiente
R2;216;ALGER EST 40;ALGER EST;0,594;Non efficiente
R2;217;BATNA 19;BATNA;0,594;Non efficiente
R2;218;SKIKDA 12;SKIKDA;0,591;Non efficiente
R2;219;LAGHOUAT 08;LAGHOUAT;0,589;Non efficiente
R2;220;TINDOUF 03;TINDOUF;0,588;Non efficiente
R2;221;AIN DEFLA 07;AIN DEFLA;0,586;Non efficiente
R2;222;ALGER EST 06;ALGER EST;0,586;Non efficiente
R2;223;LAGHOUAT 13;LAGHOUAT;0,585;Non efficiente
R2;224;TAMANRASSET 03;TAMANRASSET;0,584;Non efficiente
R2;225;GUELMA 09;GUELMA;0,584;Non efficiente
R2;226;GHARDAIA 05;GHARDAIA;0,584;Non efficiente
R2;227;BOUMERDES 21;BOUMERDES;0,584;Non efficiente
R2;228;GHARDAIA 01;GHARDAIA;0,583;Non efficiente
R2;229;CHLEF 08;CHLEF;0,583;Non efficiente
R2;230;IN SALAH 02;IN SALAH;0,58;Non efficiente
R2;231;ORAN 26;ORAN;0,58;Non efficiente
R2;232;BECHAR 04;BECHAR;0,579;Non efficiente
R2;233;MASCARA 03;MASCARA;0,579;Non efficiente
R2;234;ANNABA 02;ANNABA;0,577;Non efficiente
R2;235;GUELMA 06;GUELMA;0,577;Non efficiente
R2;236;BLIDA 23;BLIDA;0,577;Non efficiente
R2;237;MSILA 12;MSILA;0,576;Non efficiente
R2;238;SKIKDA 20;SKIKDA;0,576;Non efficiente
R2;239;BLIDA 03;BLIDA;0,575;Non efficiente
R2;240;BATNA 07;BATNA;0,575;Non efficiente
R2;241;SKIKDA 21;SKIKDA;0,574;Non efficiente
R2;242;ORAN 13;ORAN;0,573;Non efficiente
R2;243;SKIKDA 27;SKIKDA;0,573;Non efficiente
R2;244;BLIDA 30;BLIDA;0,572;Non efficiente
R2;245;TIPAZA 10;TIPAZA;0,572;Non efficiente
R2;246;BLIDA 14;BLIDA;0,572;Non efficiente
R2;247;SKIKDA 25;SKIKDA;0,572;Non efficiente
R2;248;ANNABA 04;ANNABA;0,572;Non efficiente
R2;249;BORDJ BOUARRERIDJ 16;BORDJ BOUARRERIDJ;0,571;Non efficiente
R2;250;CONSTANTINE 27;CONSTANTINE;0,571;Non efficiente
R2;251;TEBESSA 25;TEBESSA;0,57;Non efficiente
R2;252;BISKRA 05;BISKRA;0,57;Non efficiente
R2;253;SKIKDA 04;SKIKDA;0,569;Non efficiente
R2;254;CONSTANTINE 29;CONSTANTINE;0,569;Non efficiente
R2;255;CONSTANTINE 22;CONSTANTINE;0,569;Non efficiente
R2;256;MASCARA 23;MASCARA;0,568;Non efficiente
R2;257;EL TARF 04;EL TARF;0,568;Non efficiente
R2;258;BISKRA 03;BISKRA;0,566;Non efficiente
R2;259;CONSTANTINE 28;CONSTANTINE;0,566;Non efficiente
R2;260;SIDI BEL ABBES 03;SIDI BEL ABBES;0,564;Non efficiente
R2;261;GUELMA 05;GUELMA;0,564;Non efficiente
R2;262;MOSTAGANEM 24;MOSTAGANEM;0,564;Non efficiente
R2;263;BLIDA 13;BLIDA;0,561;Non efficiente
R2;264;JIJEL 11;JIJEL;0,56;Non efficiente
R2;265;BOUIRA 14;BOUIRA;0,56;Non efficiente
R2;266;BEJAIA 17;BEJAIA;0,56;Non efficiente
R2;267;ORAN 05;ORAN;0,559;Non efficiente
R2;268;OUM EL BOUAGHI 10;OUM EL BOUAGHI;0,559;Non efficiente
R2;269;SETIF 17;SETIF;0,558;Non efficiente
R2;270;ALGER OUEST 22;ALGER OUEST;0,558;Non efficiente
R2;271;BECHAR 03;BECHAR;0,557;Non efficiente
R2;272;TIARET 05;TIARET;0,556;Non efficiente
R2;273;MILA 12;MILA;0,554;Non efficiente
R2;274;DJELFA 16;DJELFA;0,554;Non efficiente
R2;275;BATNA 22;BATNA;0,552;Non efficiente
R2;276;DJELFA 18;DJELFA;0,552;Non efficiente
R2;277;SIDI BEL ABBES 05;SIDI BEL ABBES;0,552;Non efficiente
R2;278;MILA 15;MILA;0,551;Non efficiente
R2;279;CHLEF 25;CHLEF;0,55;Non efficiente
R2;280;SIDI BEL ABBES 14;SIDI BEL ABBES;0,55;Non efficiente
R2;281;JIJEL 15;JIJEL;0,55;Non efficiente
R2;282;KHENCHELA 13;KHENCHELA;0,548;Non efficiente
R2;283;TOUGGOURT 05;TOUGGOURT;0,548;Non efficiente
R2;284;BORDJ BOUARRERIDJ 14;BORDJ BOUARRERIDJ;0,548;Non efficiente
R2;285;ANNABA 15;ANNABA;0,547;Non efficiente
R2;286;BLIDA 07;BLIDA;0,547;Non efficiente
R2;287;ANNABA 13;ANNABA;0,545;Non efficiente
R2;288;JIJEL 20;JIJEL;0,543;Non efficiente
R2;289;BEJAIA 15;BEJAIA;0,541;Non efficiente
R2;290;CONSTANTINE 17;CONSTANTINE;0,541;Non efficiente
R2;291;ORAN 20;ORAN;0,54;Non efficiente
R2;292;TIARET 22;TIARET;0,537;Non efficiente
R2;293;DJELFA 09;DJELFA;0,536;Non efficiente
R2;294;TIARET 23;TIARET;0,535;Non efficiente
R2;295;BOUIRA 10;BOUIRA;0,533;Non efficiente
R2;296;TIARET 02;TIARET;0,531;Non efficiente
R2;297;SOUK AHRAS 01;SOUK AHRAS;0,531;Non efficiente
R2;298;ALGER CENTRE 01;ALGER CENTRE;0,529;Non efficiente
R2;299;BEJAIA 04;BEJAIA;0,529;Non efficiente
R2;300;CONSTANTINE 32;CONSTANTINE;0,528;Non efficiente
R2;301;MEDEA 08;MEDEA;0,528;Non efficiente
R2;302;TIARET 03;TIARET;0,528;Non efficiente
R2;303;CHLEF 30;CHLEF;0,528;Non efficiente
R2;304;BECHAR 13;BECHAR;0,527;Non efficiente
R2;305;BORDJ BOUARRERIDJ 01;BORDJ BOUARRERIDJ;0,527;Non efficiente
R2;306;GUELMA 04;GUELMA;0,526;Non efficiente
R2;307;CONSTANTINE 05;CONSTANTINE;0,523;Non efficiente
R2;308;JIJEL 03;JIJEL;0,523;Non efficiente
R2;309;GUELMA 11;GUELMA;0,522;Non efficiente
R2;310;CONSTANTINE 09;CONSTANTINE;0,519;Non efficiente
R2;311;BOUIRA 04;BOUIRA;0,519;Non efficiente
R2;312;ANNABA 16;ANNABA;0,517;Non efficiente
R2;313;BISKRA 01;BISKRA;0,517;Non efficiente
R2;314;MILA 06;MILA;0,517;Non efficiente
R2;315;CONSTANTINE 24;CONSTANTINE;0,516;Non efficiente
R2;316;TAMANRASSET 01;TAMANRASSET;0,515;Non efficiente
R2;317;SOUK AHRAS 09;SOUK AHRAS;0,512;Non efficiente
R2;318;AIN DEFLA 09;AIN DEFLA;0,511;Non efficiente
R2;319;MILA 09;MILA;0,51;Non efficiente
R2;320;MSILA 10;MSILA;0,509;Non efficiente
R2;321;BATNA 08;BATNA;0,506;Non efficiente
R2;322;BOUIRA 06;BOUIRA;0,505;Non efficiente
R2;323;SIDI BEL ABBES 13;SIDI BEL ABBES;0,501;Non efficiente
R2;324;AIN DEFLA 01;AIN DEFLA;0,5;Non efficiente
R2;325;SKIKDA 14;SKIKDA;0,5;Non efficiente
R2;326;BOUMERDES 08;BOUMERDES;0,498;Non efficiente
R2;327;TEBESSA 12;TEBESSA;0,497;Non efficiente
R2;328;BOUIRA 19;BOUIRA;0,494;Non efficiente
R2;329;EL OUED 08;EL OUED;0,493;Non efficiente
R2;330;DJELFA 03;DJELFA;0,493;Non efficiente
R2;331;SOUK AHRAS 03;SOUK AHRAS;0,491;Non efficiente
R2;332;TISSEMSITL 06;TISSEMSITL;0,49;Non efficiente
R2;333;RELIZANE 19;RELIZANE;0,49;Non efficiente
R2;334;BISKRA 02;BISKRA;0,489;Non efficiente
R2;335;SIDI BEL ABBES 06;SIDI BEL ABBES;0,487;Non efficiente
R2;336;ALGER EST 15;ALGER EST;0,487;Non efficiente
R2;337;KHENCHELA 01;KHENCHELA;0,487;Non efficiente
R2;338;TIARET 17;TIARET;0,486;Non efficiente
R2;339;TIZI OUZOU 04;TIZI OUZOU;0,485;Non efficiente
R2;340;BLIDA 28;BLIDA;0,484;Non efficiente
R2;341;CHLEF 23;CHLEF;0,48;Non efficiente
R2;342;SKIKDA 23;SKIKDA;0,478;Non efficiente
R2;343;BATNA 23;BATNA;0,478;Non efficiente
R2;344;ALGER EST 27;ALGER EST;0,478;Non efficiente
R2;345;ALGER OUEST 18;ALGER OUEST;0,478;Non efficiente
R2;346;CONSTANTINE 11;CONSTANTINE;0,477;Non efficiente
R2;347;BOUMERDES 25;BOUMERDES;0,477;Non efficiente
R2;348;TIARET 07;TIARET;0,477;Non efficiente
R2;349;MOSTAGANEM 03;MOSTAGANEM;0,475;Non efficiente
R2;350;GUELMA 03;GUELMA;0,471;Non efficiente
R2;351;MASCARA 20;MASCARA;0,469;Non efficiente
R2;352;SOUK AHRAS 10;SOUK AHRAS;0,469;Non efficiente
R2;353;SETIF 20;SETIF;0,466;Non efficiente
R2;354;TISSEMSITL 07;TISSEMSITL;0,462;Non efficiente
R2;355;EL BAYADH 07;EL BAYADH;0,459;Non efficiente
R2;356;ANNABA 01;ANNABA;0,458;Non efficiente
R2;357;MEDEA 07;MEDEA;0,457;Non efficiente
R2;358;TINDOUF 02;TINDOUF;0,456;Non efficiente
R2;359;ORAN 37;ORAN;0,455;Non efficiente
R2;360;SOUK AHRAS 05;SOUK AHRAS;0,455;Non efficiente
R2;361;KHENCHELA 05;KHENCHELA;0,452;Non efficiente
R2;362;JIJEL 05;JIJEL;0,45;Non efficiente
R2;363;MILA 08;MILA;0,449;Non efficiente
R2;364;TLEMCEN 14;TLEMCEN;0,448;Non efficiente
R2;365;SOUK AHRAS 04;SOUK AHRAS;0,446;Non efficiente
R2;366;BOUIRA 05;BOUIRA;0,445;Non efficiente
R2;367;TOUGGOURT 07;TOUGGOURT;0,445;Non efficiente
R2;368;OUM EL BOUAGHI 01;OUM EL BOUAGHI;0,442;Non efficiente
R2;369;ALGER EST 34;ALGER EST;0,441;Non efficiente
R2;370;BECHAR 12;BECHAR;0,441;Non efficiente
R2;371;BOUIRA 15;BOUIRA;0,438;Non efficiente
R2;372;MOSTAGANEM 14;MOSTAGANEM;0,438;Non efficiente
R2;373;KHENCHELA 03;KHENCHELA;0,437;Non efficiente
R2;374;CONSTANTINE 08;CONSTANTINE;0,437;Non efficiente
R2;375;JIJEL 12;JIJEL;0,435;Non efficiente
R2;376;LAGHOUAT 16;LAGHOUAT;0,434;Non efficiente
R2;377;SAIDA 06;SAIDA;0,434;Non efficiente
R2;378;TIARET 14;TIARET;0,432;Non efficiente
R2;379;BOUIRA 18;BOUIRA;0,431;Non efficiente
R2;380;BATNA 21;BATNA;0,43;Non efficiente
R2;381;KHENCHELA 12;KHENCHELA;0,43;Non efficiente
R2;382;SETIF 12;SETIF;0,429;Non efficiente
R2;383;TIZI OUZOU 16;TIZI OUZOU;0,426;Non efficiente
R2;384;TIZI OUZOU 02;TIZI OUZOU;0,425;Non efficiente
R2;385;MEDEA 01;MEDEA;0,424;Non efficiente
R2;386;TISSEMSITL 04;TISSEMSITL;0,424;Non efficiente
R2;387;DJELFA 06;DJELFA;0,423;Non efficiente
R2;388;ALGER EST 19;ALGER EST;0,422;Non efficiente
R2;389;EL BAYADH 06;EL BAYADH;0,419;Non efficiente
R2;390;IN SALAH 01;IN SALAH;0,418;Non efficiente
R2;391;TLEMCEN 07;TLEMCEN;0,417;Non efficiente
R2;392;TISSEMSITL 02;TISSEMSITL;0,417;Non efficiente
R2;393;JIJEL 24;JIJEL;0,416;Non efficiente
R2;394;AIN DEFLA 06;AIN DEFLA;0,415;Non efficiente
R2;395;TIZI OUZOU 11;TIZI OUZOU;0,411;Non efficiente
R2;396;TIZI OUZOU 12;TIZI OUZOU;0,411;Non efficiente
R2;397;CONSTANTINE 03;CONSTANTINE;0,41;Non efficiente
R2;398;TIARET 19;TIARET;0,408;Non efficiente
R2;399;ALGER OUEST 12;ALGER OUEST;0,408;Non efficiente
R2;400;BATNA 13;BATNA;0,405;Non efficiente
R2;401;SAIDA 10;SAIDA;0,404;Non efficiente
R2;402;ALGER CENTRE 17;ALGER CENTRE;0,402;Non efficiente
R2;403;CONSTANTINE 26;CONSTANTINE;0,401;Non efficiente
R2;404;KHENCHELA 09;KHENCHELA;0,401;Non efficiente
R2;405;MOSTAGANEM 20;MOSTAGANEM;0,397;Non efficiente
R2;406;BECHAR 06;BECHAR;0,389;Non efficiente
R2;407;JIJEL 16;JIJEL;0,389;Non efficiente
R2;408;TEBESSA 03;TEBESSA;0,388;Non efficiente
R2;409;BATNA 06;BATNA;0,386;Non efficiente
R2;410;MOSTAGANEM 07;MOSTAGANEM;0,385;Non efficiente
R2;411;ANNABA 17;ANNABA;0,382;Non efficiente
R2;412;BEJAIA 13;BEJAIA;0,373;Non efficiente
R2;413;JIJEL 18;JIJEL;0,368;Non efficiente
R2;414;SETIF 15;SETIF;0,365;Non efficiente
R2;415;BISKRA 07;BISKRA;0,364;Non efficiente
R2;416;BECHAR 07;BECHAR;0,358;Non efficiente
R2;417;BATNA 14;BATNA;0,355;Non efficiente
R2;418;EL TARF 02;EL TARF;0,354;Non efficiente
R2;419;BEJAIA 19;BEJAIA;0,354;Non efficiente
R2;420;JIJEL 22;JIJEL;0,352;Non efficiente
R2;421;JIJEL 17;JIJEL;0,351;Non efficiente
R2;422;TIARET 04;TIARET;0,347;Non efficiente
R2;423;EL BAYADH 01;EL BAYADH;0,338;Non efficiente
R2;424;EL TARF 10;EL TARF;0,338;Non efficiente
R2;425;TIARET 16;TIARET;0,336;Non efficiente
R2;426;TAMANRASSET 02;TAMANRASSET;0,336;Non efficiente
R2;427;TIZI OUZOU 13;TIZI OUZOU;0,336;Non efficiente
R2;428;JIJEL 04;JIJEL;0,336;Non efficiente
R2;429;TIZI OUZOU 03;TIZI OUZOU;0,335;Non efficiente
R2;430;MEDEA 05;MEDEA;0,325;Non efficiente
R2;431;ALGER OUEST 20;ALGER OUEST;0,318;Non efficiente
R2;432;TIARET 13;TIARET;0,316;Non efficiente
R2;433;OUM EL BOUAGHI 17;OUM EL BOUAGHI;0,311;Non efficiente
R2;434;SOUK AHRAS 07;SOUK AHRAS;0,302;Non efficiente
R2;435;BLIDA 16;BLIDA;0,285;Non efficiente
R2;436;TISSEMSITL 03;TISSEMSITL;0,266;Non efficiente
R2;437;JIJEL 23;JIJEL;0,208;Non efficiente
R3;1;LAGHOUAT 11;LAGHOUAT;1,0;Efficiente
R3;2;BOUIRA 21;BOUIRA;1,0;Efficiente
R3;3;SETIF 11;SETIF;1,0;Efficiente
R3;4;SETIF 03;SETIF;1,0;Efficiente
R3;5;MSILA 14;MSILA;1,0;Efficiente
R3;6;TEBESSA 07;TEBESSA;1,0;Efficiente
R3;7;TIPAZA 03;TIPAZA;0,987;Non efficiente
R3;8;EL TARF 09;EL TARF;0,983;Non efficiente
R3;9;TIPAZA 13;TIPAZA;0,956;Non efficiente
R3;10;MOSTAGANEM 12;MOSTAGANEM;0,926;Non efficiente
R3;11;OUARGLA 07;OUARGLA;0,892;Non efficiente
R3;12;AIN DEFLA 15;AIN DEFLA;0,887;Non efficiente
R3;13;OUARGLA 05;OUARGLA;0,858;Non efficiente
R3;14;MEDEA 09;MEDEA;0,858;Non efficiente
R3;15;DJELFA 12;DJELFA;0,851;Non efficiente
R3;16;TLEMCEN 13;TLEMCEN;0,83;Non efficiente
R3;17;NAAMA 03;NAAMA;0,828;Non efficiente
R3;18;SKIKDA 18;SKIKDA;0,825;Non efficiente
R3;19;CONSTANTINE 31;CONSTANTINE;0,814;Non efficiente
R3;20;CONSTANTINE 30;CONSTANTINE;0,813;Non efficiente
R3;21;MOSTAGANEM 15;MOSTAGANEM;0,806;Non efficiente
R3;22;BLIDA 19;BLIDA;0,801;Non efficiente
R3;23;SAIDA 07;SAIDA;0,798;Non efficiente
R3;24;ORAN 31;ORAN;0,797;Non efficiente
R3;25;MILA 16;MILA;0,796;Non efficiente
R3;26;MOSTAGANEM 02;MOSTAGANEM;0,79;Non efficiente
R3;27;AIN DEFLA 12;AIN DEFLA;0,762;Non efficiente
R3;28;MSILA 04;MSILA;0,76;Non efficiente
R3;29;SIDI BEL ABBES 04;SIDI BEL ABBES;0,741;Non efficiente
R3;30;BLIDA 12;BLIDA;0,738;Non efficiente
R3;31;ALGER OUEST 04;ALGER OUEST;0,738;Non efficiente
R3;32;CHLEF 19;CHLEF;0,738;Non efficiente
R3;33;TIPAZA 12;TIPAZA;0,738;Non efficiente
R3;34;DJELFA 02;DJELFA;0,735;Non efficiente
R3;35;LAGHOUAT 04;LAGHOUAT;0,734;Non efficiente
R3;36;SKIKDA 17;SKIKDA;0,733;Non efficiente
R3;37;MSILA 02;MSILA;0,732;Non efficiente
R3;38;EL TARF 07;EL TARF;0,73;Non efficiente
R3;39;SETIF 28;SETIF;0,728;Non efficiente
R3;40;ORAN 30;ORAN;0,723;Non efficiente
R3;41;MEDEA 11;MEDEA;0,722;Non efficiente
R3;42;LAGHOUAT 03;LAGHOUAT;0,705;Non efficiente
R3;43;KHENCHELA 11;KHENCHELA;0,698;Non efficiente
R3;44;OUARGLA 15;OUARGLA;0,694;Non efficiente
R3;45;ANNABA 19;ANNABA;0,69;Non efficiente
R3;46;MEDEA 13;MEDEA;0,69;Non efficiente
R3;47;MSILA 05;MSILA;0,68;Non efficiente
R3;48;LAGHOUAT 06;LAGHOUAT;0,678;Non efficiente
R3;49;DJELFA 19;DJELFA;0,674;Non efficiente
R3;50;ORAN 28;ORAN;0,674;Non efficiente
R3;51;MSILA 18;MSILA;0,672;Non efficiente
R3;52;LAGHOUAT 02;LAGHOUAT;0,672;Non efficiente
R3;53;SETIF 34;SETIF;0,672;Non efficiente
R3;54;ALGER EST 02;ALGER EST;0,671;Non efficiente
R3;55;SETIF 27;SETIF;0,67;Non efficiente
R3;56;TIARET 26;TIARET;0,67;Non efficiente
R3;57;BLIDA 05;BLIDA;0,665;Non efficiente
R3;58;BORDJ BOUARRERIDJ 19;BORDJ BOUARRERIDJ;0,664;Non efficiente
R3;59;BATNA 04;BATNA;0,663;Non efficiente
R3;60;ALGER CENTRE 21;ALGER CENTRE;0,662;Non efficiente
R3;61;TIPAZA 20;TIPAZA;0,658;Non efficiente
R3;62;ORAN 10;ORAN;0,657;Non efficiente
R3;63;ALGER CENTRE 22;ALGER CENTRE;0,657;Non efficiente
R3;64;MASCARA 09;MASCARA;0,656;Non efficiente
R3;65;BLIDA 02;BLIDA;0,653;Non efficiente
R3;66;BECHAR 10;BECHAR;0,651;Non efficiente
R3;67;TLEMCEN 17;TLEMCEN;0,647;Non efficiente
R3;68;TIZI OUZOU 19;TIZI OUZOU;0,647;Non efficiente
R3;69;MEDEA 15;MEDEA;0,646;Non efficiente
R3;70;ALGER EST 23;ALGER EST;0,64;Non efficiente
R3;71;SKIKDA 13;SKIKDA;0,64;Non efficiente
R3;72;BOUMERDES 22;BOUMERDES;0,638;Non efficiente
R3;73;TOUGGOURT 01;TOUGGOURT;0,637;Non efficiente
R3;74;AIN DEFLA 17;AIN DEFLA;0,636;Non efficiente
R3;75;TIARET 06;TIARET;0,633;Non efficiente
R3;76;BATNA 16;BATNA;0,63;Non efficiente
R3;77;KHENCHELA 04;KHENCHELA;0,627;Non efficiente
R3;78;RELIZANE 04;RELIZANE;0,627;Non efficiente
R3;79;SKIKDA 29;SKIKDA;0,626;Non efficiente
R3;80;TIPAZA 08;TIPAZA;0,617;Non efficiente
R3;81;BOUIRA 03;BOUIRA;0,617;Non efficiente
R3;82;ANNABA 11;ANNABA;0,613;Non efficiente
R3;83;MASCARA 10;MASCARA;0,613;Non efficiente
R3;84;RELIZANE 01;RELIZANE;0,606;Non efficiente
R3;85;TOUGGOURT 03;TOUGGOURT;0,605;Non efficiente
R3;86;TEBESSA 10;TEBESSA;0,601;Non efficiente
R3;87;DJELFA 13;DJELFA;0,598;Non efficiente
R3;88;OUM EL BOUAGHI 09;OUM EL BOUAGHI;0,598;Non efficiente
R3;89;RELIZANE 13;RELIZANE;0,597;Non efficiente
R3;90;TLEMCEN 04;TLEMCEN;0,597;Non efficiente
R3;91;MASCARA 17;MASCARA;0,596;Non efficiente
R3;92;TEBESSA 20;TEBESSA;0,595;Non efficiente
R3;93;MOSTAGANEM 25;MOSTAGANEM;0,594;Non efficiente
R3;94;TISSEMSITL 08;TISSEMSITL;0,586;Non efficiente
R3;95;OUM EL BOUAGHI 15;OUM EL BOUAGHI;0,583;Non efficiente
R3;96;AIN TEMOUCHENT 03;AIN TEMOUCHENT;0,582;Non efficiente
R3;97;BEJAIA 05;BEJAIA;0,582;Non efficiente
R3;98;TIPAZA 18;TIPAZA;0,576;Non efficiente
R3;99;CHLEF 07;CHLEF;0,574;Non efficiente
R3;100;JIJEL 07;JIJEL;0,574;Non efficiente
R3;101;BLIDA 18;BLIDA;0,573;Non efficiente
R3;102;BOUMERDES 06;BOUMERDES;0,573;Non efficiente
R3;103;EL BAYADH 03;EL BAYADH;0,572;Non efficiente
R3;104;TIPAZA 16;TIPAZA;0,57;Non efficiente
R3;105;RELIZANE 12;RELIZANE;0,567;Non efficiente
R3;106;CHLEF 12;CHLEF;0,566;Non efficiente
R3;107;ORAN 15;ORAN;0,564;Non efficiente
R3;108;OUM EL BOUAGHI 08;OUM EL BOUAGHI;0,561;Non efficiente
R3;109;OUARGLA 13;OUARGLA;0,557;Non efficiente
R3;110;ALGER OUEST 23;ALGER OUEST;0,555;Non efficiente
R3;111;SOUK AHRAS 02;SOUK AHRAS;0,555;Non efficiente
R3;112;SKIKDA 16;SKIKDA;0,55;Non efficiente
R3;113;MOSTAGANEM 04;MOSTAGANEM;0,549;Non efficiente
R3;114;DJELFA 15;DJELFA;0,548;Non efficiente
R3;115;SETIF 26;SETIF;0,547;Non efficiente
R3;116;SKIKDA 05;SKIKDA;0,545;Non efficiente
R3;117;SOUK AHRAS 13;SOUK AHRAS;0,543;Non efficiente
R3;118;OUM EL BOUAGHI 06;OUM EL BOUAGHI;0,539;Non efficiente
R3;119;RELIZANE 03;RELIZANE;0,539;Non efficiente
R3;120;AIN DEFLA 10;AIN DEFLA;0,538;Non efficiente
R3;121;ALGER EST 31;ALGER EST;0,537;Non efficiente
R3;122;RELIZANE 06;RELIZANE;0,536;Non efficiente
R3;123;LAGHOUAT 07;LAGHOUAT;0,536;Non efficiente
R3;124;ANNABA 18;ANNABA;0,533;Non efficiente
R3;125;SIDI BEL ABBES 16;SIDI BEL ABBES;0,533;Non efficiente
R3;126;TEBESSA 15;TEBESSA;0,533;Non efficiente
R3;127;BENI ABBES 02;BENI ABBES;0,531;Non efficiente
R3;128;TOUGGOURT 02;TOUGGOURT;0,53;Non efficiente
R3;129;TLEMCEN 01;TLEMCEN;0,529;Non efficiente
R3;130;ALGER CENTRE 15;ALGER CENTRE;0,528;Non efficiente
R3;131;BOUMERDES 20;BOUMERDES;0,523;Non efficiente
R3;132;ORAN 43;ORAN;0,519;Non efficiente
R3;133;SOUK AHRAS 11;SOUK AHRAS;0,519;Non efficiente
R3;134;BECHAR 14;BECHAR;0,517;Non efficiente
R3;135;BECHAR 11;BECHAR;0,513;Non efficiente
R3;136;MASCARA 22;MASCARA;0,513;Non efficiente
R3;137;ALGER EST 37;ALGER EST;0,513;Non efficiente
R3;138;SKIKDA 10;SKIKDA;0,51;Non efficiente
R3;139;BOUIRA 12;BOUIRA;0,509;Non efficiente
R3;140;SAIDA 02;SAIDA;0,509;Non efficiente
R3;141;MASCARA 13;MASCARA;0,508;Non efficiente
R3;142;BEJAIA 08;BEJAIA;0,506;Non efficiente
R3;143;MSILA 15;MSILA;0,504;Non efficiente
R3;144;ANNABA 12;ANNABA;0,501;Non efficiente
R3;145;BATNA 09;BATNA;0,498;Non efficiente
R3;146;OUARGLA 14;OUARGLA;0,496;Non efficiente
R3;147;CHLEF 05;CHLEF;0,493;Non efficiente
R3;148;OUARGLA 03;OUARGLA;0,493;Non efficiente
R3;149;CHLEF 14;CHLEF;0,49;Non efficiente
R3;150;BEJAIA 07;BEJAIA;0,49;Non efficiente
R3;151;TOUGGOURT 09;TOUGGOURT;0,49;Non efficiente
R3;152;ALGER EST 33;ALGER EST;0,486;Non efficiente
R3;153;BEJAIA 06;BEJAIA;0,486;Non efficiente
R3;154;MOSTAGANEM 06;MOSTAGANEM;0,486;Non efficiente
R3;155;EL MEGHAIER 03;EL MEGHAIER;0,484;Non efficiente
R3;156;SKIKDA 06;SKIKDA;0,483;Non efficiente
R3;157;GUELMA 01;GUELMA;0,482;Non efficiente
R3;158;ALGER OUEST 11;ALGER OUEST;0,48;Non efficiente
R3;159;MASCARA 01;MASCARA;0,474;Non efficiente
R3;160;TOUGGOURT 08;TOUGGOURT;0,473;Non efficiente
R3;161;ALGER EST 14;ALGER EST;0,472;Non efficiente
R3;162;MOSTAGANEM 22;MOSTAGANEM;0,472;Non efficiente
R3;163;LAGHOUAT 19;LAGHOUAT;0,471;Non efficiente
R3;164;MOSTAGANEM 01;MOSTAGANEM;0,47;Non efficiente
R3;165;AIN DEFLA 03;AIN DEFLA;0,466;Non efficiente
R3;166;MOSTAGANEM 11;MOSTAGANEM;0,461;Non efficiente
R3;167;JIJEL 06;JIJEL;0,461;Non efficiente
R3;168;TIPAZA 05;TIPAZA;0,457;Non efficiente
R3;169;TIPAZA 14;TIPAZA;0,457;Non efficiente
R3;170;BOUIRA 07;BOUIRA;0,456;Non efficiente
R3;171;KHENCHELA 02;KHENCHELA;0,453;Non efficiente
R3;172;SAIDA 11;SAIDA;0,451;Non efficiente
R3;173;SETIF 10;SETIF;0,447;Non efficiente
R3;174;ALGER OUEST 17;ALGER OUEST;0,446;Non efficiente
R3;175;TIARET 24;TIARET;0,445;Non efficiente
R3;176;MEDEA 16;MEDEA;0,445;Non efficiente
R3;177;KHENCHELA 07;KHENCHELA;0,443;Non efficiente
R3;178;SIDI BEL ABBES 02;SIDI BEL ABBES;0,441;Non efficiente
R3;179;TEBESSA 24;TEBESSA;0,441;Non efficiente
R3;180;TEBESSA 01;TEBESSA;0,441;Non efficiente
R3;181;TLEMCEN 06;TLEMCEN;0,437;Non efficiente
R3;182;SOUK AHRAS 08;SOUK AHRAS;0,437;Non efficiente
R3;183;ALGER OUEST 15;ALGER OUEST;0,431;Non efficiente
R3;184;LAGHOUAT 09;LAGHOUAT;0,426;Non efficiente
R3;185;ALGER OUEST 09;ALGER OUEST;0,423;Non efficiente
R3;186;BECHAR 08;BECHAR;0,421;Non efficiente
R3;187;GHARDAIA 02;GHARDAIA;0,412;Non efficiente
R3;188;TLEMCEN 02;TLEMCEN;0,407;Non efficiente
R3;189;MOSTAGANEM 08;MOSTAGANEM;0,406;Non efficiente
R3;190;CHLEF 03;CHLEF;0,406;Non efficiente
R3;191;JIJEL 10;JIJEL;0,405;Non efficiente
R3;192;EL BAYADH 02;EL BAYADH;0,401;Non efficiente
R3;193;MASCARA 08;MASCARA;0,397;Non efficiente
R3;194;ORAN 02;ORAN;0,397;Non efficiente
R3;195;MASCARA 19;MASCARA;0,396;Non efficiente
R3;196;TIPAZA 07;TIPAZA;0,385;Non efficiente
R3;197;DJELFA 01;DJELFA;0,385;Non efficiente
R3;198;SETIF 19;SETIF;0,374;Non efficiente
R3;199;ALGER CENTRE 29;ALGER CENTRE;0,372;Non efficiente
R3;200;SOUK AHRAS 12;SOUK AHRAS;0,37;Non efficiente
R3;201;BOUIRA 01;BOUIRA;0,354;Non efficiente
R3;202;IN GUEZZAM 01;IN GUEZZAM;0,345;Non efficiente
R3;203;BOUIRA 08;BOUIRA;0,339;Non efficiente
R3;204;SETIF 29;SETIF;0,318;Non efficiente
R3;205;BISKRA 09;BISKRA;0,318;Non efficiente
R3;206;SKIKDA 08;SKIKDA;0,315;Non efficiente
R3;207;RELIZANE 07;RELIZANE;0,312;Non efficiente
R3;208;EL BAYADH 05;EL BAYADH;0,301;Non efficiente
R3;209;ALGER OUEST 13;ALGER OUEST;0,3;Non efficiente
R3;210;AIN DEFLA 04;AIN DEFLA;0,295;Non efficiente
R3;211;ILLIZI 02;ILLIZI;0,287;Non efficiente
R3;212;SIDI BEL ABBES 09;SIDI BEL ABBES;0,27;Non efficiente
R3;213;ALGER EST 03;ALGER EST;0,188;Non efficiente
R4;1;BOUMERDES 11;BOUMERDES;1,0;Efficiente
R4;2;ORAN 29;ORAN;1,0;Efficiente
R4;3;TEBESSA 22;TEBESSA;1,0;Efficiente
R4;4;ORAN 16;ORAN;0,994;Non efficiente
R4;5;JIJEL 02;JIJEL;0,976;Non efficiente
R4;6;ORAN 23;ORAN;0,963;Non efficiente
R4;7;BOUMERDES 14;BOUMERDES;0,816;Non efficiente
R4;8;TIARET 27;TIARET;0,81;Non efficiente
R4;9;MASCARA 04;MASCARA;0,79;Non efficiente
R4;10;SAIDA 03;SAIDA;0,643;Non efficiente
R4;11;LAGHOUAT 05;LAGHOUAT;0,634;Non efficiente
R4;12;ORAN 12;ORAN;0,593;Non efficiente
R4;13;TIARET 18;TIARET;0,552;Non efficiente
R4;14;OUARGLA 11;OUARGLA;0,51;Non efficiente
R4;15;ALGER OUEST 21;ALGER OUEST;0,435;Non efficiente
R4;16;SOUK AHRAS 06;SOUK AHRAS;0,244;Non efficiente
