Classe;Rang PROMETHEE II;Désignation;UPW;Flux positif;Flux négatif;Flux net
CE;1;Agency_277;UPW_015;0,62;0,064;0,556
CE;2;Agency_374;UPW_019;0,59;0,119;0,471
CE;3;Agency_785;UPW_041;0,511;0,135;0,376
CE;4;Agency_176;UPW_010;0,507;0,157;0,349
CE;5;Agency_079;UPW_003;0,499;0,169;0,329
CE;6;Agency_012;UPW_001;0,453;0,135;0,318
CE;7;Agency_935;UPW_055;0,515;0,2;0,316
CE;8;Agency_018;UPW_006;0,533;0,248;0,285
CE;9;Agency_491;UPW_025;0,455;0,173;0,282
CE;10;Agency_686;UPW_035;0,493;0,215;0,278
CE;11;Agency_650;UPW_033;0,471;0,197;0,274
CE;12;Agency_859;UPW_045;0,414;0,211;0,203
CE;13;Agency_419;UPW_005;0,381;0,221;0,16
CE;14;Agency_543;UPW_004;0,394;0,237;0,157
CE;15;Agency_603;UPW_005;0,457;0,328;0,129
CE;16;Agency_239;UPW_013;0,384;0,258;0,126
CE;17;Agency_552;UPW_005;0,396;0,301;0,095
CE;18;Agency_764;UPW_040;0,337;0,259;0,078
CE;19;Agency_157;UPW_008;0,325;0,25;0,076
CE;20;Agency_284;UPW_016;0,37;0,315;0,055
CE;21;Agency_244;UPW_014;0,289;0,251;0,038
CE;22;Agency_288;UPW_036;0,324;0,286;0,038
CE;23;Agency_573;UPW_029;0,299;0,283;0,016
CE;24;Agency_591;UPW_002;0,312;0,3;0,013
CE;25;Agency_695;UPW_036;0,291;0,279;0,012
CE;26;Agency_870;UPW_046;0,317;0,318;-0,001
CE;27;Agency_328;UPW_017;0,337;0,352;-0,015
CE;28;Agency_461;UPW_023;0,274;0,292;-0,018
CE;29;Agency_816;UPW_043;0,308;0,351;-0,043
CE;30;Agency_788;UPW_005;0,333;0,378;-0,045
CE;31;Agency_502;UPW_052;0,272;0,334;-0,062
CE;32;Agency_412;UPW_043;0,281;0,349;-0,069
CE;33;Agency_934;UPW_054;0,263;0,358;-0,095
CE;34;Agency_906;UPW_048;0,23;0,347;-0,116
CE;35;Agency_851;UPW_032;0,231;0,381;-0,149
CE;36;Agency_093;UPW_004;0,255;0,409;-0,154
CE;37;Agency_035;UPW_002;0,21;0,378;-0,168
CE;38;Agency_119;UPW_007;0,231;0,402;-0,171
CE;39;Agency_167;UPW_009;0,229;0,4;-0,171
CE;40;Agency_455;UPW_022;0,213;0,41;-0,197
CE;41;Agency_918;UPW_049;0,209;0,415;-0,206
CE;42;Agency_356;UPW_018;0,197;0,426;-0,229
CE;43;Agency_405;UPW_004;0,21;0,476;-0,266
CE;44;Agency_237;UPW_012;0,177;0,461;-0,284
CE;45;Agency_834;UPW_044;0,175;0,459;-0,284
CE;46;Agency_725;UPW_039;0,194;0,48;-0,286
CE;47;Agency_182;UPW_006;0,195;0,481;-0,286
CE;48;Agency_717;UPW_038;0,172;0,463;-0,291
CE;49;Agency_893;UPW_047;0,199;0,524;-0,325
CE;50;Agency_639;UPW_032;0,113;0,569;-0,456
CE;51;Agency_091;UPW_004;0,114;0,756;-0,642
HC;1;Agency_273;UPW_034;0,543;0,119;0,425
HC;2;Agency_420;UPW_045;0,465;0,101;0,364
HC;3;Agency_262;UPW_013;0,484;0,131;0,353
HC;4;Agency_388;UPW_005;0,517;0,18;0,337
HC;5;Agency_673;UPW_002;0,464;0,152;0,312
HC;6;Agency_232;UPW_004;0,444;0,147;0,297
HC;7;Agency_538;UPW_039;0,443;0,171;0,272
HC;8;Agency_619;UPW_031;0,379;0,146;0,233
HC;9;Agency_370;UPW_021;0,378;0,159;0,219
HC;10;Agency_780;UPW_005;0,46;0,248;0,211
HC;11;Agency_114;UPW_007;0,423;0,225;0,198
HC;12;Agency_776;UPW_014;0,399;0,219;0,18
HC;13;Agency_404;UPW_020;0,377;0,205;0,172
HC;14;Agency_696;UPW_032;0,42;0,254;0,165
HC;15;Agency_382;UPW_054;0,39;0,234;0,156
HC;16;Agency_086;UPW_010;0,386;0,238;0,148
HC;17;Agency_933;UPW_054;0,343;0,195;0,148
HC;18;Agency_750;UPW_033;0,375;0,233;0,142
HC;19;Agency_253;UPW_052;0,355;0,227;0,128
HC;20;Agency_629;UPW_055;0,378;0,276;0,103
HC;21;Agency_925;UPW_052;0,336;0,244;0,092
HC;22;Agency_671;UPW_034;0,312;0,221;0,09
HC;23;Agency_283;UPW_002;0,323;0,245;0,078
HC;24;Agency_005;UPW_017;0,333;0,285;0,048
HC;25;Agency_928;UPW_053;0,327;0,294;0,034
HC;26;Agency_714;UPW_038;0,327;0,297;0,03
HC;27;Agency_568;UPW_028;0,283;0,264;0,02
HC;28;Agency_109;UPW_004;0,328;0,316;0,012
HC;29;Agency_014;UPW_031;0,294;0,295;0,0
HC;30;Agency_910;UPW_017;0,29;0,305;-0,014
HC;31;Agency_230;UPW_004;0,268;0,289;-0,021
HC;32;Agency_315;UPW_052;0,303;0,337;-0,033
HC;33;Agency_699;UPW_037;0,311;0,347;-0,036
HC;34;Agency_601;UPW_052;0,27;0,322;-0,052
HC;35;Agency_705;UPW_040;0,29;0,349;-0,058
HC;36;Agency_449;UPW_029;0,253;0,314;-0,061
HC;37;Agency_351;UPW_018;0,275;0,336;-0,062
HC;38;Agency_443;UPW_004;0,267;0,333;-0,066
HC;39;Agency_104;UPW_004;0,24;0,324;-0,084
HC;40;Agency_094;UPW_004;0,237;0,333;-0,096
HC;41;Agency_553;UPW_004;0,247;0,349;-0,102
HC;42;Agency_690;UPW_004;0,252;0,36;-0,109
HC;43;Agency_608;UPW_033;0,255;0,373;-0,118
HC;44;Agency_090;UPW_004;0,243;0,362;-0,118
HC;45;Agency_355;UPW_018;0,236;0,354;-0,118
HC;46;Agency_481;UPW_024;0,239;0,361;-0,122
HC;47;Agency_092;UPW_004;0,246;0,397;-0,151
HC;48;Agency_937;UPW_056;0,224;0,384;-0,16
HC;49;Agency_102;UPW_004;0,197;0,365;-0,168
HC;50;Agency_226;UPW_038;0,223;0,397;-0,174
HC;51;Agency_736;UPW_017;0,244;0,421;-0,177
HC;52;Agency_105;UPW_004;0,213;0,394;-0,181
HC;53;Agency_512;UPW_051;0,251;0,435;-0,184
HC;54;Agency_059;UPW_040;0,218;0,451;-0,234
HC;55;Agency_313;UPW_006;0,23;0,496;-0,266
HC;56;Agency_797;UPW_042;0,152;0,431;-0,279
HC;57;Agency_560;UPW_026;0,21;0,521;-0,311
HC;58;Agency_718;UPW_038;0,203;0,53;-0,327
HC;59;Agency_098;UPW_004;0,142;0,482;-0,34
HC;60;Agency_598;UPW_030;0,149;0,49;-0,341
HC;61;Agency_621;UPW_013;0,133;0,535;-0,402
R1;1;Agency_345;UPW_045;0,584;0,074;0,511
R1;2;Agency_243;UPW_014;0,587;0,109;0,478
R1;3;Agency_908;UPW_034;0,547;0,078;0,469
R1;4;Agency_257;UPW_025;0,557;0,104;0,453
R1;5;Agency_626;UPW_016;0,569;0,136;0,433
R1;6;Agency_563;UPW_026;0,56;0,128;0,433
R1;7;Agency_823;UPW_006;0,581;0,152;0,429
R1;8;Agency_746;UPW_025;0,523;0,111;0,412
R1;9;Agency_724;UPW_039;0,544;0,176;0,368
R1;10;Agency_174;UPW_010;0,521;0,156;0,365
R1;11;Agency_341;UPW_022;0,48;0,137;0,343
R1;12;Agency_160;UPW_014;0,512;0,193;0,319
R1;13;Agency_308;UPW_034;0,439;0,126;0,313
R1;14;Agency_264;UPW_043;0,474;0,177;0,297
R1;15;Agency_616;UPW_031;0,46;0,184;0,277
R1;16;Agency_492;UPW_022;0,437;0,164;0,273
R1;17;Agency_719;UPW_038;0,492;0,229;0,263
R1;18;Agency_469;UPW_034;0,45;0,188;0,262
R1;19;Agency_292;UPW_006;0,437;0,176;0,261
R1;20;Agency_784;UPW_041;0,442;0,189;0,253
R1;21;Agency_471;UPW_016;0,389;0,143;0,246
R1;22;Agency_620;UPW_015;0,529;0,298;0,231
R1;23;Agency_245;UPW_053;0,424;0,193;0,23
R1;24;Agency_828;UPW_036;0,397;0,17;0,227
R1;25;Agency_386;UPW_023;0,402;0,185;0,217
R1;26;Agency_684;UPW_035;0,518;0,302;0,216
R1;27;Agency_365;UPW_016;0,41;0,198;0,212
R1;28;Agency_618;UPW_031;0,493;0,29;0,203
R1;29;Agency_076;UPW_035;0,414;0,213;0,201
R1;30;Agency_095;UPW_004;0,398;0,198;0,2
R1;31;Agency_081;UPW_008;0,369;0,17;0,199
R1;32;Agency_532;UPW_019;0,431;0,238;0,193
R1;33;Agency_454;UPW_022;0,376;0,185;0,192
R1;34;Agency_731;UPW_013;0,396;0,206;0,19
R1;35;Agency_046;UPW_043;0,391;0,201;0,189
R1;36;Agency_344;UPW_049;0,376;0,188;0,188
R1;37;Agency_111;UPW_041;0,416;0,233;0,183
R1;38;Agency_796;UPW_042;0,352;0,171;0,181
R1;39;Agency_150;UPW_008;0,374;0,199;0,175
R1;40;Agency_349;UPW_018;0,372;0,2;0,173
R1;41;Agency_075;UPW_005;0,39;0,226;0,164
R1;42;Agency_500;UPW_008;0,384;0,221;0,163
R1;43;Agency_630;UPW_055;0,37;0,215;0,155
R1;44;Agency_506;UPW_009;0,351;0,202;0,149
R1;45;Agency_100;UPW_004;0,368;0,222;0,146
R1;46;Agency_026;UPW_043;0,359;0,217;0,142
R1;47;Agency_504;UPW_015;0,457;0,315;0,142
R1;48;Agency_103;UPW_006;0,376;0,24;0,137
R1;49;Agency_735;UPW_017;0,422;0,289;0,133
R1;50;Agency_478;UPW_045;0,437;0,312;0,125
R1;51;Agency_818;UPW_044;0,37;0,248;0,121
R1;52;Agency_606;UPW_054;0,41;0,292;0,117
R1;53;Agency_880;UPW_033;0,34;0,227;0,113
R1;54;Agency_703;UPW_008;0,367;0,257;0,11
R1;55;Agency_698;UPW_005;0,389;0,28;0,109
R1;56;Agency_682;UPW_035;0,343;0,235;0,108
R1;57;Agency_653;UPW_013;0,426;0,32;0,105
R1;58;Agency_221;UPW_005;0,352;0,248;0,104
R1;59;Agency_309;UPW_034;0,341;0,238;0,103
R1;60;Agency_627;UPW_005;0,393;0,294;0,099
R1;61;Agency_704;UPW_040;0,378;0,28;0,098
R1;62;Agency_410;UPW_043;0,351;0,256;0,094
R1;63;Agency_645;UPW_037;0,381;0,288;0,092
R1;64;Agency_464;UPW_038;0,379;0,287;0,092
R1;65;Agency_124;UPW_008;0,379;0,288;0,092
R1;66;Agency_135;UPW_005;0,359;0,28;0,078
R1;67;Agency_915;UPW_053;0,344;0,273;0,071
R1;68;Agency_550;UPW_055;0,412;0,341;0,071
R1;69;Agency_416;UPW_007;0,355;0,284;0,071
R1;70;Agency_233;UPW_006;0,333;0,266;0,067
R1;71;Agency_139;UPW_005;0,312;0,245;0,067
R1;72;Agency_411;UPW_043;0,354;0,291;0,063
R1;73;Agency_664;UPW_008;0,305;0,252;0,053
R1;74;Agency_607;UPW_049;0,358;0,307;0,051
R1;75;Agency_638;UPW_032;0,332;0,288;0,043
R1;76;Agency_530;UPW_005;0,33;0,289;0,041
R1;77;Agency_265;UPW_013;0,344;0,303;0,041
R1;78;Agency_667;UPW_019;0,376;0,345;0,032
R1;79;Agency_850;UPW_012;0,311;0,281;0,03
R1;80;Agency_876;UPW_012;0,304;0,274;0,029
R1;81;Agency_590;UPW_016;0,399;0,372;0,026
R1;82;Agency_706;UPW_040;0,322;0,296;0,026
R1;83;Agency_207;UPW_013;0,289;0,263;0,026
R1;84;Agency_068;UPW_043;0,317;0,296;0,02
R1;85;Agency_874;UPW_015;0,282;0,265;0,017
R1;86;Agency_087;UPW_010;0,281;0,265;0,016
R1;87;Agency_097;UPW_005;0,305;0,293;0,012
R1;88;Agency_806;UPW_055;0,308;0,299;0,009
R1;89;Agency_241;UPW_054;0,283;0,277;0,005
R1;90;Agency_473;UPW_049;0,282;0,28;0,003
R1;91;Agency_465;UPW_038;0,289;0,287;0,001
R1;92;Agency_323;UPW_017;0,31;0,311;-0,002
R1;93;Agency_835;UPW_044;0,371;0,376;-0,005
R1;94;Agency_205;UPW_033;0,297;0,304;-0,007
R1;95;Agency_106;UPW_004;0,321;0,328;-0,007
R1;96;Agency_393;UPW_013;0,311;0,322;-0,012
R1;97;Agency_299;UPW_055;0,267;0,279;-0,012
R1;98;Agency_774;UPW_008;0,278;0,295;-0,018
R1;99;Agency_884;UPW_054;0,401;0,426;-0,026
R1;100;Agency_641;UPW_041;0,318;0,344;-0,026
R1;101;Agency_371;UPW_019;0,303;0,331;-0,029
R1;102;Agency_422;UPW_043;0,274;0,31;-0,036
R1;103;Agency_875;UPW_006;0,278;0,317;-0,04
R1;104;Agency_350;UPW_018;0,283;0,326;-0,042
R1;105;Agency_136;UPW_005;0,288;0,334;-0,045
R1;106;Agency_013;UPW_001;0,3;0,352;-0,053
R1;107;Agency_249;UPW_014;0,279;0,335;-0,055
R1;108;Agency_487;UPW_034;0,251;0,307;-0,056
R1;109;Agency_716;UPW_038;0,262;0,32;-0,058
R1;110;Agency_270;UPW_035;0,293;0,355;-0,063
R1;111;Agency_030;UPW_015;0,285;0,351;-0,067
R1;112;Agency_049;UPW_038;0,301;0,368;-0,067
R1;113;Agency_922;UPW_032;0,281;0,35;-0,07
R1;114;Agency_898;UPW_010;0,262;0,342;-0,08
R1;115;Agency_936;UPW_012;0,239;0,325;-0,086
R1;116;Agency_623;UPW_054;0,262;0,352;-0,09
R1;117;Agency_279;UPW_017;0,285;0,375;-0,09
R1;118;Agency_865;UPW_049;0,256;0,348;-0,091
R1;119;Agency_366;UPW_006;0,28;0,374;-0,094
R1;120;Agency_569;UPW_016;0,261;0,358;-0,096
R1;121;Agency_643;UPW_015;0,263;0,359;-0,096
R1;122;Agency_678;UPW_032;0,283;0,383;-0,1
R1;123;Agency_439;UPW_010;0,258;0,359;-0,101
R1;124;Agency_846;UPW_018;0,28;0,382;-0,102
R1;125;Agency_509;UPW_038;0,25;0,356;-0,106
R1;126;Agency_247;UPW_005;0,247;0,353;-0,106
R1;127;Agency_711;UPW_038;0,308;0,416;-0,108
R1;128;Agency_749;UPW_048;0,285;0,396;-0,112
R1;129;Agency_802;UPW_044;0,233;0,354;-0,121
R1;130;Agency_905;UPW_048;0,256;0,38;-0,124
R1;131;Agency_006;UPW_038;0,26;0,384;-0,124
R1;132;Agency_024;UPW_043;0,242;0,366;-0,125
R1;133;Agency_251;UPW_016;0,235;0,368;-0,133
R1;134;Agency_072;UPW_037;0,284;0,417;-0,133
R1;135;Agency_406;UPW_004;0,234;0,369;-0,134
R1;136;Agency_287;UPW_005;0,266;0,403;-0,137
R1;137;Agency_914;UPW_016;0,245;0,383;-0,138
R1;138;Agency_912;UPW_006;0,238;0,378;-0,14
R1;139;Agency_803;UPW_044;0,223;0,37;-0,146
R1;140;Agency_067;UPW_043;0,272;0,43;-0,158
R1;141;Agency_260;UPW_016;0,254;0,417;-0,163
R1;142;Agency_116;UPW_007;0,203;0,366;-0,163
R1;143;Agency_137;UPW_006;0,218;0,386;-0,167
R1;144;Agency_110;UPW_010;0,249;0,416;-0,168
R1;145;Agency_580;UPW_030;0,261;0,436;-0,175
R1;146;Agency_053;UPW_040;0,254;0,435;-0,181
R1;147;Agency_162;UPW_014;0,215;0,399;-0,184
R1;148;Agency_144;UPW_005;0,23;0,419;-0,189
R1;149;Agency_044;UPW_054;0,226;0,42;-0,195
R1;150;Agency_885;UPW_029;0,268;0,474;-0,206
R1;151;Agency_713;UPW_038;0,201;0,409;-0,208
R1;152;Agency_427;UPW_023;0,209;0,422;-0,213
R1;153;Agency_710;UPW_038;0,218;0,436;-0,218
R1;154;Agency_120;UPW_007;0,198;0,418;-0,22
R1;155;Agency_761;UPW_013;0,206;0,429;-0,223
R1;156;Agency_316;UPW_048;0,332;0,558;-0,226
R1;157;Agency_955;UPW_006;0,21;0,436;-0,226
R1;158;Agency_712;UPW_038;0,224;0,45;-0,227
R1;159;Agency_484;UPW_050;0,232;0,464;-0,231
R1;160;Agency_665;UPW_040;0,214;0,45;-0,236
R1;161;Agency_129;UPW_045;0,213;0,453;-0,24
R1;162;Agency_242;UPW_004;0,239;0,49;-0,251
R1;163;Agency_223;UPW_048;0,227;0,478;-0,252
R1;164;Agency_596;UPW_030;0,212;0,465;-0,253
R1;165;Agency_760;UPW_013;0,204;0,459;-0,256
R1;166;Agency_125;UPW_038;0,226;0,482;-0,256
R1;167;Agency_250;UPW_016;0,204;0,474;-0,27
R1;168;Agency_246;UPW_005;0,219;0,495;-0,276
R1;169;Agency_599;UPW_010;0,229;0,508;-0,278
R1;170;Agency_446;UPW_021;0,172;0,452;-0,28
R1;171;Agency_701;UPW_055;0,173;0,465;-0,292
R1;172;Agency_669;UPW_024;0,185;0,477;-0,292
R1;173;Agency_118;UPW_007;0,189;0,485;-0,297
R1;174;Agency_117;UPW_007;0,178;0,475;-0,297
R1;175;Agency_156;UPW_008;0,164;0,468;-0,304
R1;176;Agency_888;UPW_044;0,191;0,5;-0,31
R1;177;Agency_827;UPW_010;0,176;0,496;-0,32
R1;178;Agency_384;UPW_054;0,163;0,485;-0,322
R1;179;Agency_385;UPW_006;0,168;0,494;-0,326
R1;180;Agency_058;UPW_017;0,175;0,506;-0,331
R1;181;Agency_099;UPW_004;0,175;0,507;-0,331
R1;182;Agency_747;UPW_048;0,138;0,517;-0,379
R1;183;Agency_195;UPW_011;0,178;0,6;-0,422
R1;184;Agency_186;UPW_039;0,097;0,62;-0,523
R2;1;Agency_022;UPW_018;0,571;0,071;0,501
R2;2;Agency_779;UPW_001;0,601;0,12;0,481
R2;3;Agency_131;UPW_029;0,613;0,152;0,461
R2;4;Agency_161;UPW_014;0,549;0,097;0,452
R2;5;Agency_304;UPW_023;0,546;0,098;0,448
R2;6;Agency_352;UPW_018;0,573;0,142;0,431
R2;7;Agency_950;UPW_050;0,513;0,104;0,409
R2;8;Agency_326;UPW_017;0,525;0,116;0,409
R2;9;Agency_593;UPW_002;0,509;0,104;0,404
R2;10;Agency_778;UPW_042;0,514;0,115;0,399
R2;11;Agency_769;UPW_043;0,53;0,137;0,393
R2;12;Agency_218;UPW_033;0,542;0,161;0,381
R2;13;Agency_574;UPW_029;0,473;0,095;0,378
R2;14;Agency_391;UPW_014;0,482;0,113;0,369
R2;15;Agency_821;UPW_035;0,482;0,114;0,369
R2;16;Agency_520;UPW_036;0,516;0,149;0,367
R2;17;Agency_777;UPW_014;0,509;0,151;0,358
R2;18;Agency_744;UPW_005;0,524;0,173;0,351
R2;19;Agency_772;UPW_004;0,52;0,172;0,348
R2;20;Agency_732;UPW_041;0,486;0,141;0,345
R2;21;Agency_447;UPW_014;0,488;0,148;0,34
R2;22;Agency_429;UPW_012;0,479;0,141;0,338
R2;23;Agency_146;UPW_009;0,534;0,197;0,338
R2;24;Agency_197;UPW_043;0,453;0,12;0,334
R2;25;Agency_845;UPW_002;0,493;0,164;0,329
R2;26;Agency_923;UPW_054;0,493;0,176;0,317
R2;27;Agency_225;UPW_048;0,509;0,194;0,315
R2;28;Agency_175;UPW_010;0,496;0,183;0,313
R2;29;Agency_558;UPW_026;0,47;0,159;0,311
R2;30;Agency_475;UPW_049;0,437;0,132;0,305
R2;31;Agency_364;UPW_022;0,441;0,143;0,297
R2;32;Agency_028;UPW_040;0,442;0,151;0,292
R2;33;Agency_442;UPW_029;0,436;0,144;0,291
R2;34;Agency_482;UPW_032;0,485;0,196;0,289
R2;35;Agency_415;UPW_015;0,441;0,152;0,289
R2;36;Agency_631;UPW_036;0,424;0,136;0,288
R2;37;Agency_360;UPW_049;0,469;0,181;0,288
R2;38;Agency_633;UPW_006;0,418;0,132;0,286
R2;39;Agency_658;UPW_052;0,53;0,246;0,285
R2;40;Agency_133;UPW_013;0,465;0,181;0,284
R2;41;Agency_231;UPW_019;0,493;0,212;0,281
R2;42;Agency_825;UPW_006;0,497;0,218;0,28
R2;43;Agency_147;UPW_008;0,529;0,252;0,277
R2;44;Agency_867;UPW_006;0,457;0,18;0,277
R2;45;Agency_467;UPW_048;0,477;0,201;0,275
R2;46;Agency_693;UPW_013;0,459;0,184;0,274
R2;47;Agency_674;UPW_038;0,43;0,156;0,274
R2;48;Agency_009;UPW_043;0,443;0,179;0,265
R2;49;Agency_570;UPW_041;0,401;0,137;0,264
R2;50;Agency_184;UPW_044;0,397;0,137;0,261
R2;51;Agency_383;UPW_015;0,443;0,188;0,256
R2;52;Agency_196;UPW_016;0,405;0,153;0,252
R2;53;Agency_263;UPW_013;0,449;0,2;0,249
R2;54;Agency_740;UPW_045;0,445;0,198;0,247
R2;55;Agency_354;UPW_018;0,452;0,21;0,242
R2;56;Agency_423;UPW_041;0,523;0,281;0,241
R2;57;Agency_169;UPW_043;0,472;0,231;0,241
R2;58;Agency_034;UPW_002;0,406;0,168;0,239
R2;59;Agency_807;UPW_010;0,393;0,158;0,235
R2;60;Agency_781;UPW_005;0,446;0,212;0,234
R2;61;Agency_902;UPW_056;0,421;0,188;0,232
R2;62;Agency_739;UPW_041;0,404;0,174;0,231
R2;63;Agency_622;UPW_013;0,49;0,261;0,229
R2;64;Agency_199;UPW_013;0,402;0,174;0,228
R2;65;Agency_470;UPW_052;0,412;0,184;0,227
R2;66;Agency_062;UPW_043;0,453;0,23;0,223
R2;67;Agency_745;UPW_038;0,403;0,181;0,223
R2;68;Agency_683;UPW_035;0,477;0,257;0,219
R2;69;Agency_958;UPW_030;0,421;0,202;0,219
R2;70;Agency_219;UPW_033;0,371;0,157;0,214
R2;71;Agency_088;UPW_038;0,413;0,199;0,214
R2;72;Agency_389;UPW_048;0,398;0,186;0,211
R2;73;Agency_891;UPW_045;0,465;0,254;0,211
R2;74;Agency_180;UPW_022;0,444;0,235;0,209
R2;75;Agency_228;UPW_014;0,386;0,178;0,209
R2;76;Agency_052;UPW_045;0,38;0,172;0,208
R2;77;Agency_459;UPW_023;0,483;0,276;0,207
R2;78;Agency_514;UPW_015;0,375;0,169;0,206
R2;79;Agency_460;UPW_023;0,411;0,207;0,204
R2;80;Agency_229;UPW_048;0,469;0,265;0,204
R2;81;Agency_236;UPW_012;0,401;0,197;0,203
R2;82;Agency_038;UPW_023;0,365;0,164;0,202
R2;83;Agency_037;UPW_043;0,401;0,2;0,201
R2;84;Agency_198;UPW_017;0,383;0,183;0,2
R2;85;Agency_771;UPW_049;0,414;0,216;0,199
R2;86;Agency_377;UPW_002;0,358;0,167;0,191
R2;87;Agency_871;UPW_046;0,44;0,25;0,189
R2;88;Agency_691;UPW_004;0,472;0,283;0,189
R2;89;Agency_021;UPW_052;0,378;0,191;0,187
R2;90;Agency_259;UPW_049;0,362;0,176;0,187
R2;91;Agency_894;UPW_025;0,371;0,186;0,185
R2;92;Agency_562;UPW_055;0,427;0,246;0,181
R2;93;Agency_140;UPW_016;0,434;0,253;0,18
R2;94;Agency_897;UPW_029;0,413;0,233;0,18
R2;95;Agency_947;UPW_019;0,406;0,227;0,179
R2;96;Agency_662;UPW_029;0,354;0,176;0,178
R2;97;Agency_549;UPW_005;0,405;0,229;0,177
R2;98;Agency_730;UPW_032;0,46;0,283;0,176
R2;99;Agency_441;UPW_048;0,417;0,243;0,174
R2;100;Agency_681;UPW_035;0,362;0,19;0,173
R2;101;Agency_916;UPW_053;0,364;0,192;0,172
R2;102;Agency_522;UPW_025;0,364;0,194;0,171
R2;103;Agency_840;UPW_052;0,376;0,207;0,169
R2;104;Agency_857;UPW_045;0,355;0,189;0,166
R2;105;Agency_775;UPW_044;0,382;0,219;0,163
R2;106;Agency_733;UPW_008;0,368;0,206;0,162
R2;107;Agency_956;UPW_018;0,388;0,227;0,161
R2;108;Agency_164;UPW_014;0,369;0,208;0,161
R2;109;Agency_301;UPW_048;0,412;0,251;0,16
R2;110;Agency_723;UPW_039;0,362;0,202;0,16
R2;111;Agency_926;UPW_053;0,387;0,228;0,159
R2;112;Agency_940;UPW_020;0,381;0,228;0,153
R2;113;Agency_200;UPW_006;0,375;0,223;0,152
R2;114;Agency_343;UPW_018;0,344;0,192;0,152
R2;115;Agency_610;UPW_025;0,362;0,21;0,152
R2;116;Agency_921;UPW_016;0,382;0,23;0,152
R2;117;Agency_376;UPW_043;0,367;0,218;0,149
R2;118;Agency_033;UPW_045;0,356;0,211;0,145
R2;119;Agency_866;UPW_049;0,394;0,254;0,14
R2;120;Agency_212;UPW_007;0,37;0,23;0,14
R2;121;Agency_201;UPW_045;0,354;0,216;0,138
R2;122;Agency_096;UPW_005;0,326;0,191;0,135
R2;123;Agency_820;UPW_043;0,465;0,331;0,134
R2;124;Agency_531;UPW_051;0,348;0,215;0,133
R2;125;Agency_700;UPW_016;0,417;0,284;0,133
R2;126;Agency_390;UPW_002;0,361;0,228;0,133
R2;127;Agency_329;UPW_017;0,357;0,225;0,132
R2;128;Agency_609;UPW_031;0,373;0,242;0,132
R2;129;Agency_567;UPW_028;0,349;0,217;0,132
R2;130;Agency_483;UPW_032;0,374;0,242;0,132
R2;131;Agency_222;UPW_043;0,383;0,259;0,123
R2;132;Agency_036;UPW_049;0,361;0,238;0,123
R2;133;Agency_789;UPW_039;0,4;0,278;0,121
R2;134;Agency_829;UPW_036;0,424;0,303;0,121
R2;135;Agency_234;UPW_012;0,324;0,206;0,119
R2;136;Agency_873;UPW_013;0,364;0,246;0,118
R2;137;Agency_615;UPW_031;0,368;0,25;0,118
R2;138;Agency_537;UPW_035;0,385;0,271;0,114
R2;139;Agency_790;UPW_044;0,328;0,215;0,113
R2;140;Agency_435;UPW_018;0,371;0,259;0,112
R2;141;Agency_518;UPW_046;0,338;0,226;0,112
R2;142;Agency_793;UPW_042;0,345;0,233;0,112
R2;143;Agency_738;UPW_052;0,43;0,318;0,112
R2;144;Agency_521;UPW_025;0,351;0,241;0,11
R2;145;Agency_812;UPW_015;0,324;0,219;0,105
R2;146;Agency_858;UPW_045;0,333;0,229;0,104
R2;147;Agency_123;UPW_001;0,385;0,281;0,104
R2;148;Agency_642;UPW_041;0,336;0,235;0,101
R2;149;Agency_566;UPW_028;0,359;0,259;0,1
R2;150;Agency_216;UPW_024;0,346;0,247;0,099
R2;151;Agency_798;UPW_043;0,373;0,276;0,097
R2;152;Agency_754;UPW_017;0,37;0,278;0,092
R2;153;Agency_444;UPW_003;0,306;0,219;0,087
R2;154;Agency_541;UPW_031;0,311;0,225;0,086
R2;155;Agency_648;UPW_049;0,33;0,246;0,084
R2;156;Agency_571;UPW_029;0,298;0,217;0,08
R2;157;Agency_142;UPW_004;0,327;0,249;0,078
R2;158;Agency_613;UPW_031;0,32;0,242;0,078
R2;159;Agency_791;UPW_055;0,427;0,35;0,077
R2;160;Agency_322;UPW_013;0,311;0,235;0,076
R2;161;Agency_929;UPW_004;0,388;0,314;0,074
R2;162;Agency_321;UPW_018;0,351;0,277;0,074
R2;163;Agency_670;UPW_034;0,302;0,228;0,073
R2;164;Agency_485;UPW_052;0,312;0,242;0,07
R2;165;Agency_768;UPW_013;0,317;0,248;0,069
R2;166;Agency_953;UPW_041;0,313;0,244;0,068
R2;167;Agency_472;UPW_054;0,317;0,25;0,067
R2;168;Agency_407;UPW_032;0,302;0,235;0,067
R2;169;Agency_002;UPW_009;0,324;0,257;0,067
R2;170;Agency_524;UPW_048;0,311;0,245;0,066
R2;171;Agency_782;UPW_005;0,427;0,361;0,065
R2;172;Agency_340;UPW_006;0,353;0,288;0,065
R2;173;Agency_286;UPW_052;0,342;0,279;0,063
R2;174;Agency_358;UPW_016;0,361;0,3;0,061
R2;175;Agency_338;UPW_039;0,332;0,271;0,061
R2;176;Agency_848;UPW_034;0,304;0,243;0,061
R2;177;Agency_911;UPW_017;0,413;0,352;0,061
R2;178;Agency_787;UPW_034;0,325;0,266;0,059
R2;179;Agency_399;UPW_029;0,325;0,267;0,058
R2;180;Agency_191;UPW_049;0,345;0,287;0,058
R2;181;Agency_634;UPW_014;0,349;0,295;0,054
R2;182;Agency_817;UPW_029;0,376;0,323;0,054
R2;183;Agency_001;UPW_004;0,355;0,303;0,052
R2;184;Agency_547;UPW_040;0,337;0,288;0,049
R2;185;Agency_611;UPW_053;0,373;0,325;0,048
R2;186;Agency_307;UPW_029;0,288;0,241;0,047
R2;187;Agency_363;UPW_019;0,369;0,323;0,046
R2;188;Agency_065;UPW_005;0,329;0,283;0,046
R2;189;Agency_861;UPW_017;0,383;0,337;0,046
R2;190;Agency_011;UPW_001;0,378;0,332;0,045
R2;191;Agency_624;UPW_016;0,364;0,32;0,044
R2;192;Agency_715;UPW_038;0,311;0,271;0,04
R2;193;Agency_432;UPW_038;0,366;0,328;0,038
R2;194;Agency_513;UPW_009;0,33;0,293;0,037
R2;195;Agency_625;UPW_053;0,299;0,263;0,036
R2;196;Agency_396;UPW_014;0,3;0,265;0,035
R2;197;Agency_048;UPW_036;0,297;0,263;0,034
R2;198;Agency_311;UPW_033;0,299;0,266;0,033
R2;199;Agency_268;UPW_033;0,339;0,306;0,033
R2;200;Agency_517;UPW_018;0,305;0,275;0,03
R2;201;Agency_889;UPW_049;0,314;0,285;0,028
R2;202;Agency_050;UPW_040;0,319;0,293;0,026
R2;203;Agency_163;UPW_014;0,388;0,366;0,022
R2;204;Agency_004;UPW_012;0,31;0,288;0,022
R2;205;Agency_152;UPW_008;0,274;0,254;0,019
R2;206;Agency_023;UPW_018;0,291;0,275;0,016
R2;207;Agency_430;UPW_017;0,343;0,327;0,016
R2;208;Agency_913;UPW_029;0,316;0,301;0,015
R2;209;Agency_074;UPW_014;0,305;0,29;0,015
R2;210;Agency_141;UPW_023;0,292;0,28;0,013
R2;211;Agency_272;UPW_032;0,294;0,282;0,013
R2;212;Agency_214;UPW_019;0,363;0,352;0,012
R2;213;Agency_373;UPW_019;0,309;0,298;0,011
R2;214;Agency_357;UPW_018;0,332;0,322;0,01
R2;215;Agency_220;UPW_038;0,355;0,347;0,007
R2;216;Agency_824;UPW_029;0,33;0,322;0,007
R2;217;Agency_680;UPW_048;0,459;0,454;0,005
R2;218;Agency_458;UPW_023;0,308;0,304;0,004
R2;219;Agency_017;UPW_005;0,33;0,328;0,002
R2;220;Agency_238;UPW_013;0,277;0,277;0,0
R2;221;Agency_043;UPW_036;0,405;0,406;0,0
R2;222;Agency_426;UPW_030;0,304;0,305;-0,001
R2;223;Agency_113;UPW_007;0,303;0,304;-0,001
R2;224;Agency_165;UPW_009;0,298;0,303;-0,005
R2;225;Agency_946;UPW_013;0,306;0,312;-0,006
R2;226;Agency_907;UPW_022;0,313;0,32;-0,007
R2;227;Agency_594;UPW_053;0,271;0,281;-0,009
R2;228;Agency_786;UPW_022;0,263;0,278;-0,015
R2;229;Agency_379;UPW_005;0,32;0,337;-0,017
R2;230;Agency_436;UPW_018;0,25;0,271;-0,02
R2;231;Agency_269;UPW_035;0,304;0,325;-0,022
R2;232;Agency_029;UPW_007;0,271;0,293;-0,022
R2;233;Agency_010;UPW_044;0,401;0,424;-0,022
R2;234;Agency_801;UPW_006;0,29;0,313;-0,023
R2;235;Agency_314;UPW_005;0,325;0,349;-0,024
R2;236;Agency_474;UPW_049;0,352;0,376;-0,024
R2;237;Agency_208;UPW_055;0,3;0,324;-0,024
R2;238;Agency_452;UPW_033;0,285;0,309;-0,024
R2;239;Agency_528;UPW_018;0,307;0,331;-0,024
R2;240;Agency_413;UPW_038;0,301;0,33;-0,028
R2;241;Agency_397;UPW_029;0,304;0,333;-0,03
R2;242;Agency_752;UPW_017;0,268;0,298;-0,03
R2;243;Agency_743;UPW_017;0,286;0,318;-0,031
R2;244;Agency_275;UPW_013;0,261;0,293;-0,032
R2;245;Agency_437;UPW_018;0,274;0,307;-0,033
R2;246;Agency_901;UPW_008;0,322;0,356;-0,034
R2;247;Agency_588;UPW_004;0,29;0,326;-0,036
R2;248;Agency_153;UPW_008;0,271;0,309;-0,038
R2;249;Agency_235;UPW_012;0,279;0,318;-0,04
R2;250;Agency_617;UPW_031;0,256;0,295;-0,04
R2;251;Agency_490;UPW_025;0,254;0,294;-0,04
R2;252;Agency_692;UPW_013;0,272;0,317;-0,045
R2;253;Agency_799;UPW_045;0,277;0,323;-0,046
R2;254;Agency_020;UPW_046;0,249;0,298;-0,049
R2;255;Agency_904;UPW_048;0,247;0,297;-0,05
R2;256;Agency_836;UPW_042;0,274;0,325;-0,051
R2;257;Agency_734;UPW_034;0,286;0,34;-0,054
R2;258;Agency_555;UPW_038;0,303;0,357;-0,054
R2;259;Agency_115;UPW_007;0,272;0,327;-0,055
R2;260;Agency_166;UPW_009;0,258;0,313;-0,056
R2;261;Agency_652;UPW_014;0,249;0,305;-0,056
R2;262;Agency_883;UPW_034;0,306;0,365;-0,059
R2;263;Agency_685;UPW_035;0,273;0,332;-0,059
R2;264;Agency_822;UPW_024;0,282;0,341;-0,059
R2;265;Agency_041;UPW_049;0,305;0,365;-0,06
R2;266;Agency_477;UPW_018;0,233;0,294;-0,061
R2;267;Agency_794;UPW_042;0,264;0,325;-0,061
R2;268;Agency_872;UPW_010;0,27;0,333;-0,063
R2;269;Agency_729;UPW_025;0,269;0,332;-0,063
R2;270;Agency_856;UPW_045;0,268;0,331;-0,064
R2;271;Agency_886;UPW_029;0,237;0,303;-0,066
R2;272;Agency_900;UPW_030;0,273;0,341;-0,068
R2;273;Agency_577;UPW_049;0,27;0,34;-0,07
R2;274;Agency_070;UPW_019;0,297;0,368;-0,071
R2;275;Agency_177;UPW_018;0,242;0,314;-0,072
R2;276;Agency_107;UPW_018;0,283;0,357;-0,074
R2;277;Agency_375;UPW_002;0,27;0,346;-0,076
R2;278;Agency_572;UPW_029;0,275;0,352;-0,077
R2;279;Agency_306;UPW_030;0,236;0,315;-0,078
R2;280;Agency_546;UPW_019;0,291;0,37;-0,079
R2;281;Agency_330;UPW_017;0,315;0,395;-0,079
R2;282;Agency_101;UPW_005;0,275;0,355;-0,079
R2;283;Agency_267;UPW_018;0,261;0,342;-0,081
R2;284;Agency_348;UPW_018;0,253;0,336;-0,083
R2;285;Agency_758;UPW_016;0,243;0,331;-0,088
R2;286;Agency_476;UPW_005;0,261;0,349;-0,088
R2;287;Agency_193;UPW_013;0,238;0,326;-0,089
R2;288;Agency_651;UPW_041;0,252;0,344;-0,092
R2;289;Agency_438;UPW_048;0,261;0,355;-0,094
R2;290;Agency_844;UPW_044;0,261;0,356;-0,094
R2;291;Agency_855;UPW_045;0,297;0,391;-0,094
R2;292;Agency_951;UPW_001;0,265;0,362;-0,097
R2;293;Agency_400;UPW_048;0,264;0,362;-0,098
R2;294;Agency_424;UPW_018;0,237;0,335;-0,099
R2;295;Agency_941;UPW_034;0,254;0,353;-0,099
R2;296;Agency_453;UPW_022;0,274;0,373;-0,1
R2;297;Agency_209;UPW_005;0,236;0,338;-0,102
R2;298;Agency_372;UPW_019;0,271;0,375;-0,103
R2;299;Agency_008;UPW_035;0,243;0,349;-0,107
R2;300;Agency_507;UPW_038;0,244;0,352;-0,107
R2;301;Agency_757;UPW_055;0,25;0,357;-0,108
R2;302;Agency_909;UPW_056;0,233;0,343;-0,11
R2;303;Agency_540;UPW_039;0,217;0,327;-0,11
R2;304;Agency_290;UPW_038;0,342;0,453;-0,11
R2;305;Agency_061;UPW_040;0,286;0,398;-0,112
R2;306;Agency_347;UPW_018;0,235;0,349;-0,113
R2;307;Agency_032;UPW_033;0,219;0,337;-0,118
R2;308;Agency_227;UPW_015;0,229;0,349;-0,12
R2;309;Agency_503;UPW_009;0,296;0,42;-0,124
R2;310;Agency_305;UPW_036;0,251;0,376;-0,126
R2;311;Agency_720;UPW_054;0,248;0,375;-0,127
R2;312;Agency_960;UPW_029;0,241;0,369;-0,128
R2;313;Agency_466;UPW_045;0,227;0,357;-0,13
R2;314;Agency_587;UPW_035;0,269;0,399;-0,131
R2;315;Agency_762;UPW_017;0,235;0,369;-0,134
R2;316;Agency_830;UPW_017;0,261;0,396;-0,135
R2;317;Agency_367;UPW_005;0,246;0,383;-0,137
R2;318;Agency_640;UPW_018;0,224;0,362;-0,137
R2;319;Agency_589;UPW_014;0,248;0,386;-0,138
R2;320;Agency_899;UPW_030;0,246;0,388;-0,141
R2;321;Agency_456;UPW_043;0,255;0,4;-0,145
R2;322;Agency_887;UPW_049;0,24;0,388;-0,148
R2;323;Agency_408;UPW_007;0,251;0,401;-0,149
R2;324;Agency_122;UPW_015;0,222;0,373;-0,151
R2;325;Agency_511;UPW_009;0,219;0,371;-0,152
R2;326;Agency_948;UPW_032;0,21;0,363;-0,153
R2;327;Agency_694;UPW_036;0,228;0,382;-0,154
R2;328;Agency_529;UPW_020;0,232;0,387;-0,155
R2;329;Agency_194;UPW_035;0,225;0,381;-0,156
R2;330;Agency_027;UPW_040;0,234;0,391;-0,157
R2;331;Agency_451;UPW_048;0,22;0,377;-0,157
R2;332;Agency_614;UPW_031;0,226;0,384;-0,158
R2;333;Agency_656;UPW_054;0,243;0,402;-0,16
R2;334;Agency_134;UPW_005;0,262;0,422;-0,16
R2;335;Agency_561;UPW_038;0,207;0,367;-0,16
R2;336;Agency_417;UPW_007;0,225;0,387;-0,161
R2;337;Agency_337;UPW_036;0,22;0,383;-0,163
R2;338;Agency_312;UPW_008;0,245;0,408;-0,164
R2;339;Agency_285;UPW_013;0,245;0,41;-0,165
R2;340;Agency_839;UPW_044;0,221;0,388;-0,167
R2;341;Agency_055;UPW_049;0,216;0,384;-0,168
R2;342;Agency_783;UPW_008;0,217;0,388;-0,171
R2;343;Agency_959;UPW_029;0,263;0,434;-0,171
R2;344;Agency_271;UPW_023;0,225;0,398;-0,172
R2;345;Agency_255;UPW_043;0,202;0,376;-0,174
R2;346;Agency_773;UPW_045;0,193;0,37;-0,176
R2;347;Agency_480;UPW_038;0,255;0,432;-0,177
R2;348;Agency_605;UPW_005;0,189;0,367;-0,177
R2;349;Agency_319;UPW_017;0,201;0,38;-0,179
R2;350;Agency_853;UPW_032;0,22;0,399;-0,179
R2;351;Agency_890;UPW_008;0,216;0,396;-0,18
R2;352;Agency_042;UPW_042;0,22;0,404;-0,183
R2;353;Agency_128;UPW_054;0,187;0,373;-0,187
R2;354;Agency_203;UPW_043;0,236;0,425;-0,188
R2;355;Agency_519;UPW_016;0,252;0,442;-0,19
R2;356;Agency_554;UPW_046;0,221;0,411;-0,191
R2;357;Agency_809;UPW_046;0,218;0,411;-0,193
R2;358;Agency_534;UPW_038;0,243;0,438;-0,194
R2;359;Agency_582;UPW_033;0,201;0,399;-0,198
R2;360;Agency_597;UPW_030;0,212;0,411;-0,199
R2;361;Agency_919;UPW_050;0,256;0,456;-0,2
R2;362;Agency_300;UPW_016;0,207;0,408;-0,201
R2;363;Agency_849;UPW_045;0,204;0,406;-0,202
R2;364;Agency_551;UPW_036;0,2;0,403;-0,203
R2;365;Agency_920;UPW_010;0,202;0,409;-0,207
R2;366;Agency_224;UPW_048;0,218;0,427;-0,209
R2;367;Agency_878;UPW_040;0,212;0,423;-0,211
R2;368;Agency_938;UPW_056;0,208;0,42;-0,212
R2;369;Agency_962;UPW_041;0,193;0,405;-0,212
R2;370;Agency_668;UPW_019;0,233;0,448;-0,214
R2;371;Agency_813;UPW_017;0,205;0,423;-0,218
R2;372;Agency_353;UPW_018;0,205;0,428;-0,222
R2;373;Agency_882;UPW_017;0,201;0,424;-0,223
R2;374;Agency_895;UPW_017;0,184;0,407;-0,223
R2;375;Agency_811;UPW_015;0,223;0,449;-0,226
R2;376;Agency_151;UPW_008;0,208;0,434;-0,226
R2;377;Agency_892;UPW_047;0,241;0,468;-0,227
R2;378;Agency_310;UPW_049;0,191;0,421;-0,23
R2;379;Agency_954;UPW_016;0,226;0,456;-0,23
R2;380;Agency_728;UPW_034;0,182;0,419;-0,237
R2;381;Agency_333;UPW_018;0,172;0,412;-0,24
R2;382;Agency_130;UPW_045;0,206;0,446;-0,24
R2;383;Agency_295;UPW_020;0,223;0,463;-0,24
R2;384;Agency_121;UPW_010;0,202;0,443;-0,24
R2;385;Agency_479;UPW_038;0,189;0,43;-0,241
R2;386;Agency_421;UPW_045;0,18;0,423;-0,243
R2;387;Agency_414;UPW_032;0,184;0,429;-0,245
R2;388;Agency_336;UPW_012;0,174;0,419;-0,246
R2;389;Agency_132;UPW_012;0,186;0,433;-0,247
R2;390;Agency_896;UPW_046;0,265;0,516;-0,251
R2;391;Agency_721;UPW_054;0,21;0,461;-0,252
R2;392;Agency_759;UPW_029;0,203;0,456;-0,253
R2;393;Agency_192;UPW_038;0,206;0,461;-0,255
R2;394;Agency_168;UPW_015;0,18;0,439;-0,259
R2;395;Agency_291;UPW_019;0,19;0,452;-0,262
R2;396;Agency_672;UPW_034;0,188;0,451;-0,264
R2;397;Agency_808;UPW_046;0,171;0,434;-0,264
R2;398;Agency_158;UPW_008;0,198;0,464;-0,266
R2;399;Agency_765;UPW_045;0,182;0,45;-0,268
R2;400;Agency_575;UPW_015;0,213;0,483;-0,27
R2;401;Agency_202;UPW_009;0,187;0,462;-0,276
R2;402;Agency_489;UPW_025;0,197;0,475;-0,278
R2;403;Agency_324;UPW_017;0,189;0,468;-0,279
R2;404;Agency_281;UPW_048;0,29;0,573;-0,283
R2;405;Agency_737;UPW_007;0,172;0,459;-0,287
R2;406;Agency_126;UPW_047;0,171;0,459;-0,287
R2;407;Agency_089;UPW_038;0,163;0,478;-0,314
R2;408;Agency_600;UPW_006;0,157;0,477;-0,32
R2;409;Agency_632;UPW_049;0,157;0,479;-0,321
R2;410;Agency_516;UPW_049;0,176;0,499;-0,323
R2;411;Agency_854;UPW_035;0,183;0,507;-0,324
R2;412;Agency_155;UPW_008;0,194;0,525;-0,331
R2;413;Agency_085;UPW_054;0,157;0,506;-0,349
R2;414;Agency_557;UPW_010;0,236;0,587;-0,351
R2;415;Agency_440;UPW_018;0,162;0,516;-0,353
R2;416;Agency_770;UPW_007;0,153;0,51;-0,358
R2;417;Agency_644;UPW_046;0,145;0,505;-0,36
R2;418;Agency_924;UPW_051;0,15;0,51;-0,36
R2;419;Agency_080;UPW_030;0,154;0,515;-0,361
R2;420;Agency_112;UPW_043;0,148;0,515;-0,367
R2;421;Agency_332;UPW_018;0,147;0,523;-0,376
R2;422;Agency_395;UPW_002;0,12;0,497;-0,377
R2;423;Agency_741;UPW_006;0,158;0,537;-0,379
R2;424;Agency_054;UPW_023;0,152;0,53;-0,379
R2;425;Agency_661;UPW_046;0,182;0,566;-0,383
R2;426;Agency_282;UPW_025;0,126;0,514;-0,388
R2;427;Agency_488;UPW_025;0,135;0,528;-0,394
R2;428;Agency_073;UPW_018;0,123;0,554;-0,431
R2;429;Agency_127;UPW_054;0,131;0,588;-0,457
R2;430;Agency_320;UPW_017;0,123;0,597;-0,474
R2;431;Agency_548;UPW_055;0,112;0,6;-0,489
R2;432;Agency_335;UPW_013;0,121;0,631;-0,51
R2;433;Agency_931;UPW_054;0,102;0,626;-0,523
R2;434;Agency_457;UPW_023;0,106;0,65;-0,544
R2;435;Agency_815;UPW_047;0,089;0,663;-0,574
R2;436;Agency_565;UPW_047;0,086;0,665;-0,579
R2;437;Agency_248;UPW_005;0,068;0,68;-0,612
R3;1;Agency_501;UPW_035;0,567;0,116;0,451
R3;2;Agency_952;UPW_034;0,546;0,108;0,438
R3;3;Agency_556;UPW_018;0,513;0,075;0,438
R3;4;Agency_576;UPW_018;0,512;0,087;0,425
R3;5;Agency_523;UPW_043;0,52;0,098;0,422
R3;6;Agency_493;UPW_013;0,523;0,12;0,403
R3;7;Agency_612;UPW_031;0,562;0,166;0,396
R3;8;Agency_428;UPW_023;0,528;0,132;0,396
R3;9;Agency_961;UPW_015;0,511;0,128;0,383
R3;10;Agency_826;UPW_007;0,485;0,104;0,381
R3;11;Agency_525;UPW_045;0,498;0,126;0,372
R3;12;Agency_586;UPW_052;0,522;0,153;0,369
R3;13;Agency_063;UPW_005;0,472;0,113;0,359
R3;14;Agency_007;UPW_035;0,473;0,114;0,359
R3;15;Agency_496;UPW_019;0,526;0,172;0,354
R3;16;Agency_434;UPW_031;0,46;0,116;0,344
R3;17;Agency_082;UPW_043;0,528;0,191;0,338
R3;18;Agency_864;UPW_002;0,447;0,11;0,336
R3;19;Agency_679;UPW_002;0,516;0,184;0,333
R3;20;Agency_943;UPW_049;0,429;0,107;0,322
R3;21;Agency_663;UPW_008;0,431;0,126;0,305
R3;22;Agency_508;UPW_009;0,433;0,145;0,288
R3;23;Agency_877;UPW_035;0,409;0,125;0,284
R3;24;Agency_800;UPW_030;0,425;0,146;0,279
R3;25;Agency_278;UPW_052;0,474;0,197;0,277
R3;26;Agency_498;UPW_019;0,397;0,125;0,272
R3;27;Agency_025;UPW_043;0,521;0,251;0,27
R3;28;Agency_628;UPW_033;0,482;0,213;0,268
R3;29;Agency_708;UPW_038;0,422;0,157;0,265
R3;30;Agency_339;UPW_030;0,396;0,143;0,252
R3;31;Agency_266;UPW_013;0,448;0,206;0,242
R3;32;Agency_756;UPW_040;0,423;0,181;0,242
R3;33;Agency_842;UPW_039;0,429;0,193;0,236
R3;34;Agency_592;UPW_002;0,444;0,209;0,235
R3;35;Agency_727;UPW_055;0,478;0,245;0,233
R3;36;Agency_431;UPW_029;0,385;0,152;0,233
R3;37;Agency_462;UPW_045;0,4;0,169;0,231
R3;38;Agency_831;UPW_052;0,433;0,203;0,229
R3;39;Agency_722;UPW_033;0,436;0,213;0,224
R3;40;Agency_181;UPW_031;0,426;0,205;0,222
R3;41;Agency_666;UPW_035;0,432;0,216;0,216
R3;42;Agency_832;UPW_036;0,426;0,213;0,213
R3;43;Agency_795;UPW_042;0,435;0,227;0,208
R3;44;Agency_932;UPW_043;0,385;0,178;0,207
R3;45;Agency_289;UPW_038;0,387;0,18;0,206
R3;46;Agency_819;UPW_016;0,424;0,225;0,199
R3;47;Agency_494;UPW_043;0,398;0,204;0,195
R3;48;Agency_584;UPW_009;0,376;0,181;0,194
R3;49;Agency_047;UPW_036;0,429;0,235;0,194
R3;50;Agency_927;UPW_053;0,361;0,168;0,193
R3;51;Agency_726;UPW_041;0,367;0,183;0,184
R3;52;Agency_578;UPW_052;0,413;0,229;0,184
R3;53;Agency_274;UPW_049;0,383;0,212;0,171
R3;54;Agency_869;UPW_046;0,407;0,246;0,161
R3;55;Agency_583;UPW_033;0,419;0,265;0,155
R3;56;Agency_031;UPW_015;0,393;0,24;0,153
R3;57;Agency_240;UPW_056;0,361;0,212;0,15
R3;58;Agency_860;UPW_045;0,397;0,249;0,148
R3;59;Agency_585;UPW_045;0,411;0,264;0,146
R3;60;Agency_254;UPW_045;0,421;0,278;0,142
R3;61;Agency_380;UPW_052;0,367;0,225;0,142
R3;62;Agency_003;UPW_035;0,359;0,223;0,136
R3;63;Agency_636;UPW_032;0,341;0,216;0,124
R3;64;Agency_317;UPW_048;0,372;0,249;0,123
R3;65;Agency_066;UPW_035;0,332;0,209;0,123
R3;66;Agency_843;UPW_019;0,396;0,274;0,122
R3;67;Agency_213;UPW_046;0,366;0,247;0,12
R3;68;Agency_688;UPW_044;0,405;0,289;0,116
R3;69;Agency_742;UPW_005;0,315;0,202;0,113
R3;70;Agency_189;UPW_013;0,349;0,238;0,111
R3;71;Agency_445;UPW_041;0,337;0,232;0,105
R3;72;Agency_655;UPW_039;0,426;0,323;0,104
R3;73;Agency_045;UPW_019;0,341;0,24;0,101
R3;74;Agency_579;UPW_005;0,32;0,223;0,097
R3;75;Agency_401;UPW_002;0,31;0,214;0,096
R3;76;Agency_418;UPW_056;0,327;0,235;0,092
R3;77;Agency_535;UPW_031;0,315;0,225;0,09
R3;78;Agency_539;UPW_039;0,423;0,338;0,086
R3;79;Agency_697;UPW_036;0,408;0,323;0,085
R3;80;Agency_256;UPW_041;0,373;0,289;0,084
R3;81;Agency_294;UPW_048;0,433;0,354;0,079
R3;82;Agency_084;UPW_041;0,299;0,222;0,077
R3;83;Agency_016;UPW_031;0,377;0,3;0,077
R3;84;Agency_847;UPW_014;0,372;0,296;0,076
R3;85;Agency_879;UPW_011;0,334;0,26;0,074
R3;86;Agency_387;UPW_023;0,37;0,299;0,071
R3;87;Agency_702;UPW_048;0,354;0,293;0,062
R3;88;Agency_149;UPW_002;0,334;0,28;0,054
R3;89;Agency_296;UPW_004;0,326;0,273;0,053
R3;90;Agency_040;UPW_038;0,347;0,3;0,047
R3;91;Agency_863;UPW_055;0,346;0,302;0,045
R3;92;Agency_833;UPW_021;0,302;0,259;0,043
R3;93;Agency_647;UPW_012;0,361;0,321;0,04
R3;94;Agency_077;UPW_035;0,29;0,255;0,034
R3;95;Agency_675;UPW_038;0,358;0,326;0,032
R3;96;Agency_881;UPW_031;0,289;0,263;0,026
R3;97;Agency_346;UPW_045;0,284;0,26;0,024
R3;98;Agency_138;UPW_006;0,312;0,292;0,02
R3;99;Agency_403;UPW_020;0,331;0,316;0,016
R3;100;Agency_930;UPW_032;0,288;0,275;0,013
R3;101;Agency_369;UPW_040;0,317;0,304;0,012
R3;102;Agency_536;UPW_003;0,301;0,29;0,012
R3;103;Agency_402;UPW_020;0,292;0,282;0,011
R3;104;Agency_056;UPW_002;0,293;0,284;0,009
R3;105;Agency_204;UPW_017;0,307;0,305;0,002
R3;106;Agency_814;UPW_007;0,303;0,304;-0,001
R3;107;Agency_545;UPW_019;0,29;0,291;-0,001
R3;108;Agency_755;UPW_016;0,288;0,29;-0,002
R3;109;Agency_660;UPW_052;0,295;0,297;-0,002
R3;110;Agency_252;UPW_015;0,284;0,296;-0,012
R3;111;Agency_215;UPW_041;0,281;0,293;-0,012
R3;112;Agency_766;UPW_033;0,298;0,314;-0,016
R3;113;Agency_499;UPW_015;0,285;0,303;-0,018
R3;114;Agency_433;UPW_020;0,295;0,313;-0,019
R3;115;Agency_297;UPW_035;0,327;0,347;-0,02
R3;116;Agency_183;UPW_045;0,298;0,319;-0,021
R3;117;Agency_178;UPW_048;0,261;0,283;-0,022
R3;118;Agency_206;UPW_013;0,314;0,338;-0,024
R3;119;Agency_763;UPW_046;0,288;0,314;-0,025
R3;120;Agency_945;UPW_042;0,254;0,286;-0,032
R3;121;Agency_805;UPW_006;0,319;0,352;-0,033
R3;122;Agency_039;UPW_044;0,264;0,301;-0,037
R3;123;Agency_298;UPW_004;0,325;0,371;-0,045
R3;124;Agency_069;UPW_019;0,331;0,377;-0,046
R3;125;Agency_510;UPW_009;0,287;0,334;-0,047
R3;126;Agency_342;UPW_007;0,311;0,362;-0,051
R3;127;Agency_179;UPW_045;0,255;0,315;-0,06
R3;128;Agency_942;UPW_054;0,299;0,361;-0,062
R3;129;Agency_187;UPW_036;0,287;0,35;-0,063
R3;130;Agency_143;UPW_042;0,239;0,307;-0,067
R3;131;Agency_185;UPW_030;0,267;0,338;-0,071
R3;132;Agency_646;UPW_037;0,362;0,436;-0,073
R3;133;Agency_071;UPW_043;0,231;0,304;-0,073
R3;134;Agency_217;UPW_040;0,24;0,315;-0,075
R3;135;Agency_676;UPW_004;0,256;0,334;-0,078
R3;136;Agency_635;UPW_043;0,262;0,342;-0,08
R3;137;Agency_394;UPW_013;0,258;0,347;-0,089
R3;138;Agency_425;UPW_029;0,273;0,366;-0,093
R3;139;Agency_544;UPW_017;0,332;0,429;-0,097
R3;140;Agency_211;UPW_036;0,262;0,363;-0,101
R3;141;Agency_687;UPW_035;0,238;0,345;-0,106
R3;142;Agency_015;UPW_031;0,289;0,396;-0,107
R3;143;Agency_302;UPW_052;0,22;0,328;-0,108
R3;144;Agency_837;UPW_039;0,239;0,347;-0,109
R3;145;Agency_654;UPW_056;0,256;0,368;-0,112
R3;146;Agency_810;UPW_046;0,281;0,395;-0,114
R3;147;Agency_258;UPW_055;0,235;0,354;-0,119
R3;148;Agency_450;UPW_038;0,249;0,369;-0,12
R3;149;Agency_303;UPW_006;0,242;0,363;-0,121
R3;150;Agency_108;UPW_004;0,266;0,387;-0,121
R3;151;Agency_359;UPW_006;0,253;0,375;-0,122
R3;152;Agency_637;UPW_032;0,263;0,386;-0,123
R3;153;Agency_361;UPW_024;0,251;0,378;-0,127
R3;154;Agency_595;UPW_052;0,251;0,379;-0,129
R3;155;Agency_751;UPW_036;0,234;0,364;-0,129
R3;156;Agency_792;UPW_039;0,265;0,4;-0,135
R3;157;Agency_060;UPW_040;0,236;0,371;-0,135
R3;158;Agency_368;UPW_005;0,237;0,375;-0,138
R3;159;Agency_334;UPW_006;0,225;0,364;-0,139
R3;160;Agency_173;UPW_010;0,259;0,403;-0,144
R3;161;Agency_838;UPW_038;0,237;0,381;-0,144
R3;162;Agency_559;UPW_026;0,279;0,424;-0,145
R3;163;Agency_276;UPW_015;0,23;0,379;-0,149
R3;164;Agency_145;UPW_005;0,228;0,378;-0,15
R3;165;Agency_515;UPW_045;0,254;0,404;-0,151
R3;166;Agency_293;UPW_007;0,268;0,42;-0,152
R3;167;Agency_148;UPW_008;0,267;0,425;-0,158
R3;168;Agency_154;UPW_008;0,218;0,377;-0,158
R3;169;Agency_709;UPW_038;0,259;0,434;-0,175
R3;170;Agency_602;UPW_052;0,214;0,392;-0,178
R3;171;Agency_170;UPW_010;0,244;0,422;-0,178
R3;172;Agency_064;UPW_005;0,226;0,415;-0,189
R3;173;Agency_604;UPW_005;0,192;0,383;-0,191
R3;174;Agency_659;UPW_041;0,234;0,426;-0,192
R3;175;Agency_944;UPW_044;0,21;0,402;-0,193
R3;176;Agency_581;UPW_030;0,225;0,42;-0,196
R3;177;Agency_171;UPW_010;0,217;0,414;-0,197
R3;178;Agency_325;UPW_017;0,191;0,389;-0,198
R3;179;Agency_486;UPW_043;0,205;0,405;-0,201
R3;180;Agency_362;UPW_052;0,218;0,42;-0,202
R3;181;Agency_903;UPW_048;0,227;0,432;-0,205
R3;182;Agency_078;UPW_055;0,25;0,459;-0,208
R3;183;Agency_057;UPW_025;0,202;0,433;-0,231
R3;184;Agency_172;UPW_010;0,18;0,415;-0,235
R3;185;Agency_051;UPW_032;0,191;0,431;-0,241
R3;186;Agency_841;UPW_032;0,231;0,482;-0,251
R3;187;Agency_917;UPW_049;0,168;0,425;-0,257
R3;188;Agency_190;UPW_017;0,215;0,475;-0,26
R3;189;Agency_939;UPW_056;0,199;0,473;-0,273
R3;190;Agency_542;UPW_031;0,184;0,46;-0,276
R3;191;Agency_852;UPW_032;0,172;0,449;-0,278
R3;192;Agency_862;UPW_033;0,177;0,465;-0,288
R3;193;Agency_331;UPW_043;0,178;0,489;-0,311
R3;194;Agency_083;UPW_055;0,164;0,5;-0,335
R3;195;Agency_505;UPW_009;0,186;0,523;-0,336
R3;196;Agency_327;UPW_017;0,155;0,493;-0,338
R3;197;Agency_280;UPW_017;0,16;0,498;-0,338
R3;198;Agency_677;UPW_032;0,171;0,518;-0,347
R3;199;Agency_392;UPW_006;0,17;0,522;-0,352
R3;200;Agency_949;UPW_056;0,164;0,52;-0,356
R3;201;Agency_448;UPW_048;0,179;0,535;-0,356
R3;202;Agency_527;UPW_029;0,157;0,515;-0,359
R3;203;Agency_261;UPW_016;0,157;0,548;-0,391
R3;204;Agency_468;UPW_041;0,149;0,543;-0,393
R3;205;Agency_495;UPW_039;0,165;0,56;-0,395
R3;206;Agency_868;UPW_046;0,123;0,566;-0,443
R3;207;Agency_019;UPW_015;0,126;0,589;-0,463
R3;208;Agency_497;UPW_032;0,106;0,588;-0,482
R3;209;Agency_318;UPW_055;0,081;0,629;-0,548
R3;210;Agency_210;UPW_035;0,079;0,63;-0,551
R3;211;Agency_564;UPW_027;0,104;0,656;-0,552
R3;212;Agency_804;UPW_044;0,07;0,714;-0,644
R3;213;Agency_381;UPW_006;0,069;0,752;-0,683
R4;1;Agency_378;UPW_016;0,413;0,104;0,308
R4;2;Agency_159;UPW_029;0,464;0,162;0,301
R4;3;Agency_533;UPW_038;0,401;0,165;0,236
R4;4;Agency_657;UPW_049;0,389;0,175;0,214
R4;5;Agency_707;UPW_038;0,344;0,256;0,088
R4;6;Agency_188;UPW_031;0,312;0,256;0,056
R4;7;Agency_748;UPW_048;0,347;0,328;0,019
R4;8;Agency_957;UPW_049;0,288;0,269;0,019
R4;9;Agency_753;UPW_006;0,257;0,302;-0,045
R4;10;Agency_463;UPW_038;0,294;0,386;-0,091
R4;11;Agency_526;UPW_016;0,252;0,362;-0,111
R4;12;Agency_649;UPW_046;0,305;0,42;-0,115
R4;13;Agency_767;UPW_039;0,209;0,327;-0,117
R4;14;Agency_398;UPW_038;0,199;0,364;-0,165
R4;15;Agency_689;UPW_042;0,167;0,447;-0,28
R4;16;Agency_409;UPW_032;0,177;0,494;-0,318
